TIMESTAMP,instID,\delta p autocorr,tradeAmt_avg,tradeAmt_sum,std,TTM,delta_avg_p, average price,return,avg_minus_open, delta_open_p,open_minus_close,delta_avg_p_next,return_next
2019-09-24 10:00:00,3,-0.321201251003905,77272727.27272727,850000000.0,0.14897022765395884,115717.63181818179,0.08692727272726586,99.77044545454545,0.000871272773527599,0.08694545454545732,-0.008400000000008845,0.037599999999997635,,
2019-09-24 10:30:00,3,0.05882352941176468,43750000.0,350000000.0,0.019616975156377506,115699.23541666668,-0.08529545454545939,99.68515,-0.0008556485549297905,0.01834999999999809,-0.01670000000000016,0.0,-0.08529545454545939,-0.0008556485549297905
2019-09-24 11:00:00,3,-0.198913882848469,98333333.33333333,1770000000.0,0.16859225398746822,115665.22777777778,0.035538888888908104,99.7206888888889,0.00035638430986479003,0.0270888888888976,0.026800000000008595,-0.3066000000000031,0.035538888888908104,0.00035638430986479003
2019-09-24 11:30:00,3,-0.03931768949360351,99333333.33333333,1490000000.0,0.1455516835059925,115635.06444444443,-0.03232888888889818,99.68836,-0.0003242995359628564,0.16656000000000404,-0.17180000000000462,-0.18179999999999552,-0.03232888888889818,-0.0003242995359628564
2019-09-24 12:00:00,3,-0.18974638801674393,208571428.57142857,1460000000.0,0.1683866667043751,115607.93095238095,-0.014502857142858261,99.67385714285714,-0.0001455031194596202,0.1521571428571491,-0.00010000000000331966,0.020600000000001728,-0.014502857142858261,-0.0001455031194596202
2019-09-24 14:00:00,3,-0.26038704585589373,57857142.85714286,1620000000.0,0.12810849485895262,115485.96904761904,-0.04827142857142519,99.62558571428572,-0.0004845284293721683,0.041685714285719655,0.06220000000000425,-0.41610000000000014,-0.04827142857142519,-0.0004845284293721683
2019-09-24 14:30:00,3,-0.2793642682832734,51428571.428571425,1440000000.0,0.14931986280656562,115457.85595238097,0.10432142857141002,99.72990714285713,0.0010460395638589718,0.06310714285713459,0.08289999999999509,-0.32680000000000575,0.10432142857141002,0.0010460395638589718
2019-09-24 15:00:00,3,-0.09101943553945432,113250000.0,4530000000.0,0.1976568270403046,115431.04124999997,0.0012153571428683563,99.7311225,1.2186337748964535e-05,-0.2682774999999964,0.33259999999999934,0.41149999999998954,0.0012153571428683563,1.2186337748964535e-05
2019-09-24 15:30:00,3,-0.22162321474411037,49000000.0,980000000.0,0.12742712375479706,115395.11166666666,-0.11780749999999784,99.613315,-0.0011826481228939911,-0.0949849999999941,-0.29110000000000014,0.0,-0.11780749999999784,-0.0011826481228939911
2019-09-24 16:00:00,3,-0.47073693061351846,49024390.24390244,2010000000.0,0.1199618720931664,115363.48373983741,0.060306951219516236,99.67362195121952,0.0006050442437923103,0.13122195121951563,-0.1658999999999935,-0.041499999999999204,0.060306951219516236,0.0006050442437923103
2019-09-24 16:30:00,3,-0.2194584812109703,28260869.56521739,650000000.0,0.16852714867906854,115342.74420289851,-0.004778472958633984,99.66884347826088,-4.794349760540999e-05,-0.3311565217391177,0.45759999999999934,0.3539999999999992,-0.004778472958633984,-4.794349760540999e-05
2019-09-25 11:00:00,3,-0.5194260106915306,36000000.0,180000000.0,0.24528576803393776,114231.84333333334,-0.4174599999999913,99.58194,-0.0041921256002844616,0.17954000000000292,-0.5969999999999942,-0.16070000000000562,-0.4174599999999913,-0.0041921256002844616
2019-09-25 12:00:00,3,-1.0,27500000.0,110000000.0,0.06412667151817557,114166.02083333333,0.008683333333337373,99.55795,8.72188844119166e-05,0.0569500000000005,-0.041399999999995885,-0.020699999999990837,0.008683333333337373,8.72188844119166e-05
2019-09-25 14:00:00,3,-0.5620317110305793,37391304.347826086,860000000.0,0.026069254830754392,114044.86376811595,-0.013167391304349962,99.54478260869566,-0.00013227605665793815,0.0023826086956546533,0.041399999999995885,-0.08289999999999509,-0.013167391304349962,-0.00013227605665793815
2019-09-25 15:00:00,3,-0.2998752735161695,22857142.85714286,160000000.0,0.06989730221648763,113986.76190476192,0.01189285714283983,99.60334285714285,0.00011940218873875837,-0.04265714285715205,-0.035899999999998045,0.09959999999999525,0.01189285714283983,0.00011940218873875837
2019-09-25 15:30:00,3,-0.35864365047683977,30000000.0,570000000.0,0.06654536684062494,113953.63684210525,-0.02715864661652745,99.57618421052632,-0.0002727423914849759,0.05448421052632568,-0.12430000000000518,-0.020700000000005048,-0.02715864661652745,-0.0002727423914849759
2019-09-25 16:00:00,3,0.6698542904579907,20000000.0,120000000.0,0.043039443150054146,113924.8638888889,0.0014324561403356029,99.57761666666666,1.4385322608500568e-05,-0.006283333333342966,0.06220000000000425,-0.06610000000000582,0.0014324561403356029,1.4385322608500568e-05
2019-09-25 16:30:00,3,-0.18097283562645705,18823529.411764707,320000000.0,0.020612710242211563,113897.89901960785,-0.02475784313725171,99.5528588235294,-0.0002486904286810915,0.0074588235294044125,-0.03849999999999909,0.0030000000000001137,-0.02475784313725171,-0.0002486904286810915
2019-09-26 14:00:00,3,-0.791767728670271,106000000.0,530000000.0,0.09858622114677365,112604.12,0.011539999999996553,99.53324,0.00011594116699101278,0.05294000000000665,0.0,0.020700000000005048,0.011539999999996553,0.00011594116699101278
2019-09-26 14:30:00,3,-0.7171166691449031,22000000.0,110000000.0,0.03540780987296803,112574.95333333332,-0.04308000000000334,99.49016,-0.0004330076461833345,-0.010739999999998417,0.020600000000001728,0.03730000000000189,-0.04308000000000334,-0.0004330076461833345
2019-09-26 15:00:00,3,0.11006151424086767,24000000.0,120000000.0,0.023176863463376954,112542.22333333334,0.04965999999998871,99.53981999999999,0.0004988958187787432,0.01811999999999614,0.020799999999994156,9.99999999891088e-05,0.04965999999998871,0.0004988958187787432
2019-09-26 15:30:00,3,1.0,17500000.0,70000000.0,0.02682318648731693,112513.67083333334,-0.026469999999989113,99.51335,-0.0002659944620494548,0.03305000000000291,-0.041399999999995885,-0.024699999999995725,-0.026469999999989113,-0.0002659944620494548
2019-09-26 16:00:00,3,-0.44144693510396427,50000000.0,450000000.0,0.06710011177337946,112480.68518518518,-0.08774999999999977,99.4256,-0.0008825694790878785,-0.033999999999991815,-0.020700000000005048,-0.08680000000001087,-0.08774999999999977,-0.0008825694790878785
2019-09-26 16:30:00,3,-0.34155636632101277,10000000.0,70000000.0,0.05338262603043097,112451.47380952381,0.03398571428571984,99.45958571428572,0.00034170375878449244,0.08268571428571647,-0.08269999999998845,-0.14470000000000027,0.03398571428571984,0.00034170375878449244
2019-09-27 10:00:00,3,-1.0,27500000.0,110000000.0,0.04918484692124475,111398.59583333333,-0.051660714285716836,99.407925,-0.0005196840622688466,-0.030974999999997976,0.06199999999999761,0.06199999999999761,-0.051660714285716836,-0.0005196840622688466
2019-09-27 14:00:00,3,-1.0,30000000.0,120000000.0,0.04067706151301061,111165.725,-0.1043499999999824,99.35525000000001,-0.0010502716263104605,-0.021649999999993952,-0.08269999999998845,0.0040000000000048885,-0.1043499999999824,-0.0010502716263104605
2019-09-27 15:00:00,3,0.24082479190652764,17000000.0,170000000.0,0.09116303100611366,111109.11000000002,0.06033999999999651,99.42694,0.0006068777737703333,0.050039999999995644,0.020600000000001728,0.08259999999999934,0.06033999999999651,0.0006068777737703333
2019-09-27 15:30:00,3,-0.6804029091340178,25555555.555555556,230000000.0,0.03504454308448177,111080.27962962963,-0.056873333333328446,99.37006666666667,-0.0005723386854927652,-0.0028333333333279143,-0.0040000000000048885,0.01659999999999684,-0.056873333333328446,-0.0005723386854927652
2019-09-30 09:30:00,3,-0.41875410956896636,43333333.333333336,260000000.0,0.22440030005921652,107123.77500000001,-0.10413333333332275,99.56813333333334,-0.0010458500109136934,-0.015466666666668516,0.041400000000010095,-0.050399999999996226,-0.10413333333332275,-0.0010458500109136934
2019-09-30 10:00:00,3,-0.5151520512506362,87777777.77777778,790000000.0,0.24661973652658964,107083.1,0.030544444444444707,99.59867777777778,0.00030667520017278494,-0.04702222222222474,0.06210000000000093,0.011700000000004707,0.030544444444444707,0.00030667520017278494
2019-09-30 10:30:00,3,-0.7310812102199938,72222222.22222222,650000000.0,0.13466640676542677,107049.2,-0.07718888888889808,99.52148888888888,-0.0007756002221296738,0.06198888888887666,-0.18619999999999948,-0.16459999999999297,-0.07718888888889808,-0.0007756002221296738
2019-09-30 11:00:00,3,-0.32575756185187016,43043478.26086956,990000000.0,0.13752776320501356,107024.79347826085,-0.0018149758454057974,99.51967391304348,-1.8237357238445682e-05,0.22527391304348043,-0.16510000000000957,-0.3719999999999999,-0.0018149758454057974,-1.8237357238445682e-05
2019-09-30 11:30:00,3,-0.0878627007014151,50000000.0,400000000.0,0.058152691560358544,106998.64166666666,0.0946385869565205,99.6143125,0.0009500500940215845,-0.03138750000000812,0.35130000000000905,0.0,0.0946385869565205,0.0009500500940215845
2019-09-30 14:00:00,3,-0.8938671791297804,41428571.428571425,290000000.0,1.7715334899996902,106846.94047619046,1.0074571428571488,100.58525714285715,0.010015952352006204,1.084457142857147,-0.13330000000000553,-0.041600000000002524,1.0074571428571488,0.010015952352006204
2019-09-30 14:30:00,3,-0.002124165319605187,218888888.8888889,3940000000.0,0.2831608298974889,106825.12962962959,-0.8795404761904848,99.70571666666666,-0.008821364567599866,0.16331666666665967,0.041600000000002524,-0.12399999999999523,-0.8795404761904848,-0.008821364567599866
2019-10-08 11:30:00,3,-0.49734753149976135,41000000.0,410000000.0,0.09683192138959094,95470.75333333334,-0.009860000000017521,99.42918999999999,-9.916604972863123e-05,0.09518999999998812,-0.22910000000000252,-0.18719999999999004,-0.009860000000017521,-9.916604972863123e-05
2019-10-08 14:00:00,3,-0.43835964369170105,40000000.0,640000000.0,0.12690519558578695,95328.70416666666,0.1491749999999996,99.460075,0.0014998480546088429,0.16557500000000402,-0.01640000000000441,-0.3405000000000058,0.1491749999999996,0.0014998480546088429
2019-10-08 14:30:00,3,0.06474913192291289,56923076.92307692,740000000.0,0.27274063122878855,95291.33846153847,-0.10999807692309105,99.35007692307691,-0.0011071765652306287,0.01447692307691284,0.041100000000000136,0.020600000000001728,-0.10999807692309105,-0.0011071765652306287
2019-10-08 15:00:00,3,-0.5018082905971624,50454545.45454545,1110000000.0,0.16064915855010442,95266.1621212121,0.1927730769230891,99.54285,0.001936583862357659,0.12484999999999502,0.08240000000000691,-0.08669999999999334,0.1927730769230891,0.001936583862357659
2019-10-08 15:30:00,3,-0.5474031719462232,45384615.384615384,590000000.0,0.1582327970963128,95230.09615384616,-0.04866538461537573,99.49418461538463,-0.0004891279304765585,-0.010515384615374046,0.08669999999999334,0.1278999999999968,-0.04866538461537573,-0.0004891279304765585
2019-10-08 16:00:00,3,-0.6894925652338263,56923076.92307692,740000000.0,0.19257613046699518,95202.24871794874,-0.03333076923078693,99.46085384615384,-0.0003351144489704764,0.042853846153832365,-0.08669999999999334,-0.10719999999999175,-0.03333076923078693,-0.0003351144489704764
2019-10-08 16:30:00,3,-0.5157070552865488,28888888.888888888,520000000.0,0.12908407264437136,95178.31944444442,0.021085042735052184,99.48193888888889,0.00021194844984477043,-0.1530611111111142,0.21699999999999875,0.13450000000000273,0.021085042735052184,0.00021194844984477043
2019-10-09 10:30:00,3,-0.5583675668948422,47000000.0,470000000.0,0.012594690239234546,94094.40666666666,-0.03757999999999129,99.53512,-0.00037755517851378775,0.014020000000002142,-0.020600000000001728,-0.020600000000001728,-0.03757999999999129,-0.00037755517851378775
2019-10-09 11:30:00,3,-0.7499125233638372,77000000.0,770000000.0,0.07050710366102723,94035.295,0.013700000000000045,99.60294999999999,0.00013754612689684438,0.028149999999996567,-0.041300000000006776,-0.12420000000000186,0.013700000000000045,0.00013754612689684438
2019-10-09 12:00:00,3,-0.3452167634216819,30000000.0,210000000.0,0.24760328388468306,94013.41666666666,-0.38310714285712777,99.21984285714287,-0.0038611948157257917,0.1964428571428698,-0.551400000000001,0.0,-0.38310714285712777,-0.0038611948157257917
2019-10-09 14:00:00,3,-0.32600147845881,56750000.0,1135000000.0,0.1054302488303096,93883.01750000003,0.33550714285713923,99.55535,0.0033700563842841117,-0.007049999999992451,0.5390000000000015,0.06189999999999429,0.33550714285713923,0.0033700563842841117
2019-10-09 14:30:00,3,-0.5681248941792697,33214285.714285713,465000000.0,0.04383507552353353,93862.95476190475,0.02564999999999884,99.581,0.0002575792570871837,-0.07229999999999848,0.09090000000000487,0.09499999999999886,0.02564999999999884,0.0002575792570871837
2019-10-09 15:00:00,3,-0.2330338969078438,60000000.0,900000000.0,0.09516640163419117,93820.51888888888,-0.05254000000000758,99.52846,-0.0005278892087751341,-0.017340000000004352,-0.1075000000000017,-0.01659999999999684,-0.05254000000000758,-0.0005278892087751341
2019-10-09 15:30:00,3,-0.49114718739745317,41176470.5882353,700000000.0,0.1368868647825656,93794.59803921568,0.0036400000000185173,99.53210000000001,3.657111625313358e-05,-0.07159999999998945,0.057900000000003615,-0.02039999999999509,0.0036400000000185173,3.657111625313358e-05
2019-10-09 16:00:00,3,-0.35501388575597914,36275862.06896552,1052000000.0,0.39933430955551197,93762.45287356323,-0.04956896551726686,99.48253103448275,-0.0004982680376325087,0.45913103448275194,-0.5803000000000083,0.18039999999999168,-0.04956896551726686,-0.0004982680376325087
2019-10-09 16:30:00,3,-0.6674531646902275,34117647.058823526,580000000.0,0.27215029368520083,93738.70196078428,-0.06121926977687053,99.42131176470588,-0.0006157560053296652,0.41041176470587004,-0.012499999999988631,-0.5141999999999882,-0.06121926977687053,-0.0006157560053296652
2019-10-10 11:30:00,3,-0.8160679901006673,66666666.666666664,800000000.0,0.050456091772646386,92593.81944444445,0.0414083333333366,99.49035833333333,0.0004162044848064751,0.13415833333333183,-0.020600000000001728,-0.16490000000000293,0.0414083333333366,0.0004162044848064751
2019-10-10 12:00:00,3,-0.7052417147417687,60000000.0,420000000.0,0.009272540105062368,92569.47857142858,-0.21605833333332214,99.27430000000001,-0.0021763773034241705,-0.02019999999998845,-0.061700000000001864,0.020899999999997476,-0.21605833333332214,-0.0021763773034241705
2019-10-10 14:00:00,3,-0.44878952897581137,21250000.0,510000000.0,0.22449367813312476,92447.96458333335,0.11532499999999857,99.38962500000001,0.0011603323787568226,0.012825000000006526,0.08230000000000359,-0.37059999999999604,0.11532499999999857,0.0011603323787568226
2019-10-10 14:30:00,3,-0.07061843234814628,56875000.0,910000000.0,0.179223901749554,92413.265625,0.02575624999998638,99.41538125,0.0002590771133816517,0.44938125000000184,-0.41080000000000894,-0.2874000000000052,0.02575624999998638,0.0002590771133816517
2019-10-10 15:00:00,3,-0.5782488963387643,38888888.88888889,1050000000.0,0.10083560243261605,92389.37592592592,-0.04425902777776969,99.37112222222223,-0.00044539124433750336,0.09722222222222854,0.3079000000000036,-0.041200000000003456,-0.04425902777776969,-0.00044539124433750336
2019-10-10 15:30:00,3,-0.28015941953342643,38800000.0,970000000.0,0.13787271762994527,92357.32733333332,0.02110577777776257,99.39222799999999,0.00021234837172341657,0.13882799999998952,-0.02049999999999841,-0.102800000000002,0.02110577777776257,0.00021234837172341657
2019-10-10 16:00:00,3,-0.5586514593897302,35625000.0,570000000.0,0.09470785166324264,92329.34687499999,-0.10489049999998201,99.2873375,-0.0010564338075837918,0.0339375000000075,0.0,-0.02049999999999841,-0.10489049999998201,-0.0010564338075837918
2019-10-10 16:30:00,3,-0.6242073766048097,35357142.85714286,990000000.0,0.07773293038094312,92291.2988095238,0.022605357142836624,99.30994285714284,0.00022762430923310858,0.015442857142843991,0.041100000000000136,-0.061700000000001864,0.022605357142836624,0.00022762430923310858
2019-10-11 11:00:00,3,-1.0,35000000.0,140000000.0,0.12238916074010239,91180.59166666667,0.0008000000000123464,99.33670000000001,8.053418323865664e-06,0.1039000000000101,0.1641999999999939,-0.2469999999999999,0.0008000000000123464,8.053418323865664e-06
2019-10-11 11:30:00,3,-0.45088496338349443,32307692.307692308,420000000.0,0.07988826010474967,91158.36794871793,-0.1540923076923093,99.1826076923077,-0.0015536222658144552,-0.0541923076923041,0.0040000000000048885,-0.01659999999999684,-0.1540923076923093,-0.0015536222658144552
2019-10-11 12:00:00,3,-0.43635567531124164,51666666.666666664,620000000.0,0.10094321085730242,91132.23611111112,0.09034230769229623,99.27295,0.0009100395192476524,-0.20685000000000286,0.242999999999995,0.22639999999999816,0.09034230769229623,0.0009100395192476524
2019-10-11 14:00:00,3,-0.4172880876261058,42941176.47058824,730000000.0,0.11254404562606772,91004.85294117646,-0.032679411764704014,99.24027058823529,-0.00032929587526314225,0.0074705882352930075,-0.2469999999999999,-0.14400000000000546,-0.032679411764704014,-0.00032929587526314225
2019-10-11 14:30:00,3,-0.5525722865761221,40571428.571428575,1420000000.0,0.11437066182248963,90974.64476190477,-0.0080077310924338,99.23226285714286,-8.06968506196611e-05,0.015862857142863618,-0.01640000000000441,-0.03700000000000614,-0.0080077310924338,-8.06968506196611e-05
2019-10-11 15:00:00,3,-0.55856503654141,46333333.333333336,1390000000.0,0.12204672277545725,90943.8188888889,-0.03128619047618031,99.20097666666668,-0.0003153818795686619,-0.20042333333331896,0.18500000000000227,0.17269999999999186,-0.03128619047618031,-0.0003153818795686619
2019-10-11 15:30:00,3,-0.567316232477935,21666666.666666668,390000000.0,0.11649590696616484,90912.12592592594,0.08191222222221484,99.28288888888889,0.0008250386661682034,0.23478888888888605,-0.3532999999999902,-0.31109999999999616,0.08191222222221484,0.0008250386661682034
2019-10-11 16:00:00,3,-0.28015913021483163,30000000.0,270000000.0,0.11158269355056694,90890.30185185187,-0.11358888888889851,99.16929999999999,-0.0011454037579059096,0.10079999999999245,0.02039999999999509,-0.18489999999999895,-0.11358888888889851,-0.0011454037579059096
2019-10-11 16:30:00,3,0.03967116325343025,25000000.0,250000000.0,0.13617847969974134,90857.58499999999,0.036050000000003024,99.20535,0.0003633876600405424,0.13674999999999216,0.00010000000000331966,0.02049999999999841,0.036050000000003024,0.0003633876600405424
2019-10-11 17:00:00,3,0.0,31666666.666666668,190000000.0,0.00211723089593096,90827.70000000001,-0.15861666666665997,99.04673333333334,-0.0016014325897336674,-0.0013666666666694027,-0.02049999999999841,0.0,-0.15861666666665997,-0.0016014325897336674
2019-10-14 10:00:00,3,-0.5649668449970805,30000000.0,300000000.0,0.07742421384094608,86921.89000000001,-0.04739999999999611,98.87780000000001,-0.00047937959784700014,0.07330000000000325,-0.12069999999999936,-0.12089999999999179,-0.04739999999999611,-0.00047937959784700014
2019-10-14 10:30:00,3,-0.5517123432892472,30000000.0,600000000.0,0.11246575431986736,86891.97833333332,0.10421999999999798,98.98202,0.0010529184997436704,0.13832000000000733,0.039199999999993906,-0.1636000000000024,0.10421999999999798,0.0010529184997436704
2019-10-14 11:00:00,3,-0.4987412292337547,35000000.0,280000000.0,0.1197390548233951,86865.72499999999,0.012592499999996676,98.9946125,0.00012720389202994936,0.1713124999999991,-0.02039999999999509,-0.22499999999999432,0.012592499999996676,0.00012720389202994936
2019-10-14 11:30:00,3,-0.5803045652178936,41111111.11111111,740000000.0,0.0749956931225264,86839.06666666667,0.040976388888879,99.03558888888888,0.00041375418017508526,-0.03321111111111463,0.24549999999999272,0.02049999999999841,0.040976388888879,0.00041375418017508526
2019-10-14 14:00:00,3,-0.5591518467793153,44411764.705882356,755000000.0,0.12562925731738472,86682.94509803921,0.12314901960785107,99.00088235294118,0.0012439184043716,-0.06791764705882031,0.14339999999999975,0.22509999999999764,0.12314901960785107,0.0012439184043716
2019-10-14 14:30:00,3,-0.38665153135376096,36666666.666666664,1650000000.0,0.14909944102219636,86656.89111111114,-0.014644575163401896,98.98623777777777,-0.00014794556791095234,0.16293777777777052,-0.24549999999999272,-0.22499999999999432,-0.014644575163401896,-0.00014794556791095234
2019-10-14 15:00:00,3,-0.3600806435010852,30000000.0,840000000.0,0.15100565123977738,86623.80714285713,0.010180079365085248,98.99641785714286,0.00010283280532206376,0.1896178571428635,-0.01650000000000773,-0.06960000000000832,0.010180079365085248,0.00010283280532206376
2019-10-14 15:30:00,3,-0.3735334774104105,44000000.0,1100000000.0,0.10679097574233484,86594.02400000002,0.020882142857132635,99.01729999999999,0.00021089388275718118,-0.03100000000000591,0.24150000000000205,0.03690000000000282,0.020882142857132635,0.00021089388275718118
2019-10-14 16:00:00,3,-0.6087940420153866,39239130.43478261,1805000000.0,0.16929101001666846,86561.80869565217,-0.06977173913043089,98.94752826086956,-0.0007051387776608391,-0.22377173913044146,0.12300000000000466,0.3276000000000039,-0.06977173913043089,-0.0007051387776608391
2019-10-14 16:30:00,3,-0.277133272860226,34090909.09090909,1500000000.0,0.13676362751011298,86540.58181818185,0.015635375494085224,98.96316363636365,0.0001579918721226093,-0.1086363636363501,-0.09950000000000614,0.24849999999999284,0.015635375494085224,0.0001579918721226093
2019-10-15 10:30:00,3,-0.2927700218844363,30000000.0,240000000.0,0.03612722558641062,85459.11458333333,-0.018758333333323662,98.944975,-0.00018958348651180781,-0.05432500000000573,0.04100000000001103,0.07380000000000564,-0.018758333333323662,-0.00018958348651180781
2019-10-15 11:00:00,3,-0.7320444785100261,40476190.47619048,850000000.0,0.10968122207648241,85426.87619047618,0.04562976190477741,98.99060476190478,0.0004609504307457006,0.0036047619047820945,-0.012300000000010414,0.020600000000001728,0.04562976190477741,0.0004609504307457006
2019-10-15 11:30:00,3,-0.7878000111906084,33181818.181818184,730000000.0,0.07593743451710057,85401.73106060606,-0.07286385281385321,98.91774090909092,-0.000736610562920334,-0.028259090909074303,-0.04099999999999682,0.08599999999999852,-0.07286385281385321,-0.000736610562920334
2019-10-15 12:00:00,3,-0.42824476579329934,54444444.44444445,490000000.0,0.17735151614175002,85376.39074074075,0.11670353535350841,99.03444444444443,0.0011784135914346028,0.047444444444437295,0.04099999999999682,-0.0204000000000093,0.11670353535350841,0.0011784135914346028
2019-10-15 14:00:00,3,-0.4281580308595343,32222222.222222224,870000000.0,0.1268524687655255,85243.9475308642,-0.06724074074072917,98.9672037037037,-0.0006794244782548381,0.0007037037037065375,-0.02049999999999841,0.18710000000000093,-0.06724074074072917,-0.0006794244782548381
2019-10-15 14:30:00,3,-0.657549263299366,31818181.818181816,1400000000.0,0.047202292099989863,85211.97954545452,-0.024065067340075075,98.94313863636363,-0.0002432211841239355,-0.03566136363637895,0.012300000000010414,0.05320000000000391,-0.024065067340075075,-0.0002432211841239355
2019-10-15 15:00:00,3,-0.6728707052846312,41666666.666666664,2000000000.0,0.0705316975168613,85183.10486111112,-0.04814696969695831,98.89499166666667,-0.00048684942367194337,0.034991666666670085,-0.11880000000000734,0.01630000000000109,-0.04814696969695831,-0.00048684942367194337
2019-10-15 15:30:00,3,-0.5587528043271683,37200000.0,930000000.0,0.10685021104330962,85153.14600000001,0.0338563333333326,98.928848,0.00034222912747687714,0.08514800000000378,-0.01630000000000109,-0.24559999999999604,0.0338563333333326,0.00034222912747687714
2019-10-15 16:00:00,3,-0.26737227890824294,32065217.391304348,1475000000.0,0.08483051838955906,85124.54673913044,0.0163737391304295,98.94522173913043,0.00016548286862804699,-0.18187826086956704,0.2834000000000003,0.15670000000000073,0.0163737391304295,0.00016548286862804699
2019-10-15 16:30:00,3,-0.3558553097236263,33125000.0,795000000.0,0.07606449482635237,85098.54513888889,-0.022225905797100154,98.92299583333333,-0.00022467885864017534,-0.0026041666666714036,-0.2014999999999958,0.12279999999999802,-0.022225905797100154,-0.00022467885864017534
2019-10-16 09:30:00,3,-0.2331029547485134,55625000.0,890000000.0,0.12906660409132562,84076.39479166667,0.18986875000000225,99.07461875,0.0019164217071489084,-0.15838125000000502,0.4300000000000068,0.4298000000000002,0.18986875000000225,0.0019164217071489084
2019-10-16 10:00:00,3,-0.5675946587775367,67307692.3076923,1750000000.0,0.052969282244888845,84048.32692307691,-0.05515721153847153,99.01946153846153,-0.0005570340484738664,-0.029038461538476668,-0.1844999999999999,0.065400000000011,-0.05515721153847153,-0.0005570340484738664
2019-10-16 10:30:00,3,-0.41818157616084667,47142857.14285714,660000000.0,0.10532547905640892,84014.31904761905,0.012388461538463957,99.03184999999999,0.0001250957296916493,-0.03715000000001112,0.02049999999999841,0.04099999999999682,0.012388461538463957,0.0001250957296916493
2019-10-16 11:00:00,3,-0.4830993513982899,50500000.0,1010000000.0,0.09624717781234922,83989.61666666665,-0.032184999999998354,98.999665,-0.0003251021101939926,0.09436499999999626,-0.16370000000000573,-0.3277000000000072,-0.032184999999998354,-0.0003251021101939926
2019-10-16 11:30:00,3,-0.5592332615064781,41538461.538461536,1080000000.0,0.07729227377050914,83953.92628205125,0.001031153846156485,99.00069615384615,1.0415622174556042e-05,0.15689615384614797,-0.061499999999995225,-0.1226999999999947,0.001031153846156485,1.0415622174556042e-05
2019-10-16 12:00:00,3,0.04642943615038087,29166666.666666668,350000000.0,0.0946766106599773,83925.8013888889,-0.09342948717947763,98.90726666666667,-0.0009446170168097959,-0.10013333333333208,0.1636000000000024,0.2044000000000068,-0.09342948717947763,-0.0009446170168097959
2019-10-16 14:00:00,3,-0.552366905977453,46666666.666666664,1260000000.0,0.10716700455875738,83808.87037037036,0.12544074074074274,99.03270740740741,0.0012666597129844808,0.004707407407408937,0.020600000000001728,0.02050000000001262,0.12544074074074274,0.0012666597129844808
2019-10-16 14:30:00,3,-0.28063933699975757,69090909.0909091,2280000000.0,0.1379966125517485,83775.98535353536,-0.05285892255892577,98.97984848484849,-0.0005340372143226431,-0.027651515151504213,-0.02050000000001262,0.08189999999999031,-0.05285892255892577,-0.0005340372143226431
2019-10-16 15:00:00,3,-0.3562215961271415,43333333.333333336,2210000000.0,0.09080502050558481,83742.9173202614,0.031100534759346488,99.01094901960784,0.00031411207616227805,0.003449019607842274,0.0,0.0,0.031100534759346488,0.00031411207616227805
2019-10-16 15:30:00,3,-0.4536267298106473,47826086.95652174,2200000000.0,0.10388305390625018,83710.90217391304,-0.04404901960784002,98.9669,-0.0004450884043840923,-0.20170000000000243,0.16110000000000468,0.12019999999999698,-0.04404901960784002,-0.0004450884043840923
2019-10-16 16:00:00,3,-0.17303630329268863,39302325.58139535,1690000000.0,0.11381731865835508,83685.22015503877,-0.021918604651176565,98.94498139534882,-0.0002215231570320646,-0.06251860465117431,-0.16110000000000468,-0.04100000000001103,-0.021918604651176565,-0.0002215231570320646
2019-10-16 16:30:00,3,-0.6748535080041297,69333333.33333333,1040000000.0,0.02392394098765741,83653.93,0.03964527131783768,98.98462666666666,0.00040051948118513574,0.018126666666660185,-0.04099999999999682,-0.020600000000001728,0.03964527131783768,0.00040051948118513574
2019-10-17 09:30:00,3,-0.6988288261681441,35714285.71428572,250000000.0,0.13001597154635744,82633.66904761906,0.06385714285714528,99.05095714285714,0.0006446898111751382,0.02285714285714846,0.04099999999999682,-0.0367999999999995,0.06385714285714528,0.0006446898111751382
2019-10-17 10:00:00,3,0.004024631765817127,25882352.94117647,440000000.0,0.07259147626595487,82606.50490196078,0.006807563025205354,99.05776470588235,6.87231641600035e-05,-0.007135294117645685,0.0367999999999995,-0.1763000000000119,0.006807563025205354,6.87231641600035e-05
2019-10-17 10:30:00,3,-0.3799535927147878,34166666.666666664,410000000.0,0.0657492804431203,82575.00416666667,0.0031686274509752366,99.06093333333332,3.1986650482214014e-05,0.02043333333332953,-0.024399999999999977,-0.049000000000006594,0.0031686274509752366,3.1986650482214014e-05
2019-10-17 11:00:00,3,-0.19480173850949045,24545454.545454547,540000000.0,0.10978556469978534,82546.46818181817,0.012512121212125749,99.07344545454545,0.00012629137055565777,0.004445454545447092,0.028500000000008185,-0.14350000000000307,0.012512121212125749,0.00012629137055565777
2019-10-17 11:30:00,3,-0.6853182545197727,88400000.0,2210000000.0,0.19616550087447537,82511.00666666665,0.10565054545453734,99.17909599999999,0.001065250135517845,0.14529599999998766,-0.03520000000000323,0.04259999999999309,0.10565054545453734,0.001065250135517845
2019-10-17 12:00:00,3,-0.4122765890926199,117333333.33333333,1760000000.0,0.20796047426648956,82491.71444444446,0.005784000000019773,99.18488,5.831533999960249e-05,0.20178000000001362,-0.050700000000006185,-0.5412000000000035,0.005784000000019773,5.831533999960249e-05
2019-10-17 14:00:00,3,-0.5375344661040423,57735849.056603774,3060000000.0,0.17517006445282507,82368.70062893082,-0.02678754716981757,99.15809245283019,-0.00027014988395990464,0.10949245283019593,0.06550000000000011,-0.04090000000000771,-0.02678754716981757,-0.00027014988395990464
2019-10-17 14:30:00,3,-0.4288196869751608,50862068.96551724,2950000000.0,0.15238066456361682,82332.35431034482,-0.021771763175010506,99.13632068965518,-0.0002196143958495968,0.15322068965518554,-0.06550000000000011,0.2003999999999877,-0.021771763175010506,-0.0002196143958495968
2019-10-17 15:00:00,3,-0.414269534076707,53250000.0,2130000000.0,0.11712492560816416,82304.80333333333,0.0020518103448239344,99.1383725,2.0696429576992847e-05,0.1308725000000095,0.024399999999999977,0.0,0.0020518103448239344,2.0696429576992847e-05
2019-10-17 15:30:00,3,-0.07222427784075064,35925925.925925925,970000000.0,0.18578992509769204,82271.25370370373,-0.11040953703702883,99.02796296296297,-0.0011149329314016348,0.07776296296297858,-0.05729999999999791,-0.18430000000000746,-0.11040953703702883,-0.0011149329314016348
2019-10-17 16:00:00,3,-0.4935162780135756,38000000.0,570000000.0,0.14043497664993143,82246.37999999999,0.11929037037035073,99.14725333333332,0.001203163641551382,-0.02424666666667008,0.22129999999999939,-0.04100000000001103,0.11929037037035073,0.001203163641551382
2019-10-17 16:30:00,3,-0.3227505443905319,69250000.0,2770000000.0,0.15481787544625591,82220.48833333331,0.03455416666668043,99.1818075,0.0003483921853983194,-0.051292499999988195,0.061599999999998545,0.07389999999999475,0.03455416666668043,0.0003483921853983194
2019-10-18 09:30:00,3,-0.5768801028435304,46153846.15384615,1200000000.0,0.10047176449898144,81193.46794871794,0.024088461538468664,99.11358846153847,0.00024303894059709395,0.06478846153846973,-0.04070000000000107,-0.13500000000000512,0.024088461538468664,0.00024303894059709395
2019-10-18 10:00:00,3,-0.458156917923695,60588235.294117644,1030000000.0,0.053315512724335476,81162.7343137255,0.014958597285058772,99.12854705882353,0.000150901004088986,-0.022652941176474428,0.10240000000000293,-0.0014999999999929514,0.014958597285058772,0.000150901004088986
2019-10-18 10:30:00,3,-0.48322878572783123,34054054.05405405,1260000000.0,0.038918548578068,81136.90675675675,-0.0010335453100225322,99.1275135135135,-1.0426422225163901e-05,-0.06468648648649378,0.04099999999999682,0.08190000000000452,-0.0010335453100225322,-1.0426422225163901e-05
2019-10-18 11:00:00,3,-0.41846921215127514,51875000.0,830000000.0,0.08693916647096787,81104.340625,-0.03496351351350313,99.09255,-0.0003528369540747829,-0.017650000000003274,-0.08199999999999363,0.1636000000000024,-0.03496351351350313,-0.0003528369540747829
2019-10-18 11:30:00,3,-0.15691377348704003,73461538.46153846,1910000000.0,0.083433530337722,81077.6576923077,-0.047246153846145944,99.04530384615386,-0.0004770155879326995,-0.02409615384614483,-0.04080000000000439,0.028800000000003934,-0.047246153846145944,-0.0004770155879326995
2019-10-18 12:00:00,3,-0.42528879122402846,45714285.71428572,1280000000.0,0.08093300997228954,81049.36845238096,0.016806868131851616,99.06211071428571,0.00016965990337441803,0.09511071428570972,-0.10240000000000293,-0.16370000000000573,0.016806868131851616,0.00016965990337441803
2019-10-18 14:00:00,3,-0.5404141323672821,31730769.230769232,1650000000.0,0.10155545088311266,80924.2891025641,0.008537362637369483,99.07064807692308,8.617449065984383e-05,0.0013480769230795886,0.10229999999999961,0.061399999999991905,0.008537362637369483,8.617449065984383e-05
2019-10-18 14:30:00,3,-0.32717846318554744,33968253.96825397,2140000000.0,0.0988452022569454,80895.59973544978,0.037423351648357084,99.10807142857144,0.0003776014517175689,-0.10442857142857065,0.14320000000000732,0.16370000000000573,0.037423351648357084,0.0003776014517175689
2019-10-18 15:00:00,3,-0.4905169395633036,51388888.88888889,3700000000.0,0.10167378190294436,80864.6023148148,-0.027151984126987827,99.08091944444445,-0.00027403847561398726,0.05261944444444566,-0.18420000000000414,-0.02049999999999841,-0.027151984126987827,-0.00027403847561398726
2019-10-18 15:30:00,3,-0.49860619689930125,42962962.96296296,2320000000.0,0.13203325206399252,80836.41141975309,-0.0076009259259279816,99.07331851851852,-7.672021124948223e-05,0.06541851851851277,-0.02039999999999509,-0.02039999999999509,-0.0076009259259279816,-7.672021124948223e-05
2019-10-18 16:00:00,3,-0.599935230408402,36800000.0,920000000.0,0.09521323297385166,80804.21866666667,-0.06200251851851135,99.01131600000001,-0.0006262164874014133,-0.16018399999998678,0.1635999999999882,0.1635999999999882,-0.06200251851851135,-0.0006262164874014133
2019-10-18 16:30:00,3,-0.3628886988302345,50833333.333333336,610000000.0,0.06984219170690786,80782.39444444445,-0.06847433333334152,98.94284166666667,-0.0006920594979880204,-0.024158333333332394,-0.2044999999999959,-0.04090000000000771,-0.06847433333334152,-0.0006920594979880204
2019-10-21 09:30:00,3,-0.1723532749344077,123750000.0,990000000.0,0.03022174004634044,76867.57916666668,-0.09752500000000452,98.930825,-0.0009857898182897447,0.02512500000000273,-0.1022000000000105,-0.02049999999999841,-0.09752500000000452,-0.0009857898182897447
2019-10-21 10:00:00,3,-0.16967388094243913,41333333.333333336,620000000.0,0.008333912360836191,76846.69999999998,-0.003571666666672968,98.92725333333333,-3.6103970810129656e-05,0.00505333333332203,0.01650000000000773,-0.034099999999995134,-0.003571666666672968,-3.6103970810129656e-05
2019-10-21 10:30:00,3,-0.23408989956190798,35483870.96774194,1100000000.0,0.08187113609038943,76819.54516129031,0.021978924731186567,98.94923225806451,0.00022212324673590635,0.03513225806450748,-0.008099999999998886,0.028700000000000614,0.021978924731186567,0.00022212324673590635
2019-10-21 11:00:00,3,-0.5509698065949485,42500000.0,510000000.0,0.15653470982113718,76787.64722222222,0.025259408602153144,98.97449166666667,0.0002552112991620465,0.15049166666666736,-0.09010000000000673,-0.0613000000000028,0.025259408602153144,0.0002552112991620465
2019-10-21 11:30:00,3,-0.41511308383468914,65000000.0,1170000000.0,0.15292532587546656,76749.71574074075,-0.06772499999999582,98.90676666666667,-0.0006847357595688177,0.08246666666667579,0.0002999999999957481,0.10069999999998913,-0.06772499999999582,-0.0006847357595688177
2019-10-21 12:00:00,3,-0.31512544310314555,44166666.666666664,1060000000.0,0.16581238606686938,76725.78194444445,0.21446250000001044,99.12122916666668,0.00216363842340377,0.39452916666668614,-0.09759999999999991,-0.5353000000000065,0.21446250000001044,0.00216363842340377
2019-10-21 14:00:00,3,-0.6741892333599101,38611111.11111111,1390000000.0,0.13815128454210926,76605.88981481484,-0.1535763888888937,98.96765277777779,-0.0015517836846523428,-0.06064722222221519,0.30160000000000764,0.04090000000000771,-0.1535763888888937,-0.0015517836846523428
2019-10-21 14:30:00,3,-0.37024333965556305,45645161.29032258,2830000000.0,0.17456514999205933,76572.79919354842,-0.011291487455210358,98.95636129032258,-0.00011410572607942698,0.23416129032257516,-0.3061000000000007,-0.44950000000000045,-0.011291487455210358,-0.00011410572607942698
2019-10-21 15:00:00,3,-0.3394917389253238,68035892.85714285,3810010000.0,0.20346030044493554,76546.64642857142,-0.04804343317972837,98.90831785714285,-0.0004857370362836357,-0.053982142857151416,0.2400999999999982,-0.004099999999993997,-0.04804343317972837,-0.0004857370362836357
2019-10-21 15:30:00,3,-0.3129288022415005,44444444.44444445,4000000000.0,0.16371797496256357,76513.81185185185,0.0684688095238215,98.97678666666667,0.0006917663406714777,0.009786666666670385,0.004699999999999704,-0.04090000000000771,0.0684688095238215,0.0006917663406714777
2019-10-21 16:00:00,3,-0.44781843388893644,33018867.9245283,1750000000.0,0.1734361183492104,76485.65974842767,-0.030316855345915883,98.94646981132075,-0.0003063965334359735,-0.04093018867924059,0.02039999999999509,0.265199999999993,-0.030316855345915883,-0.0003063965334359735
2019-10-21 16:30:00,3,-0.3737533433878367,40540810.81081081,1500010000.0,0.1944856544961736,76455.68648648648,-0.06564278429372905,98.88082702702702,-0.0006638575572976039,0.15862702702702336,-0.265199999999993,-0.306200000000004,-0.06564278429372905,-0.0006638575572976039
2019-10-22 09:30:00,3,-0.42515877107853095,115000000.0,1380000000.0,0.1890675995430464,75432.95972222222,-0.33348536036035625,98.54734166666667,-0.003384011732029872,-0.053058333333325436,-0.12180000000000746,-0.02020000000000266,-0.33348536036035625,-0.003384011732029872
2019-10-22 10:00:00,3,-0.5121997699110462,33076923.076923076,430000000.0,0.18071333936829714,75404.50512820513,0.005904487179478224,98.55324615384615,5.9911645835197024e-05,-0.0470538461538581,-9.99999999891088e-05,-9.99999999891088e-05,0.005904487179478224,5.9911645835197024e-05
2019-10-22 10:30:00,3,-0.007122495920918091,29333333.333333332,440000000.0,0.23169935096606706,75373.45555555557,0.15328051282051547,98.70652666666666,0.0015528913638927437,0.10612666666666826,9.99999999891088e-05,0.04079999999999018,0.15328051282051547,0.0015528913638927437
2019-10-22 11:00:00,3,-0.3615363987293426,26296296.296296295,710000000.0,0.0657300032963131,75345.70000000001,-0.14407111111111703,98.56245555555554,-0.0014617240438973252,-0.0011444444444492774,-0.0367999999999995,0.03649999999998954,-0.14407111111111703,-0.0014617240438973252
2019-10-22 11:30:00,3,-0.7182052538156809,47727272.72727273,1050000000.0,0.1248373632881078,75315.76363636364,0.05652626262627791,98.61898181818182,0.0005731783231192972,0.10008181818182038,-0.044699999999991746,-0.08140000000000214,0.05652626262627791,0.0005731783231192972
2019-10-22 12:00:00,3,-0.5467224905978081,60833333.333333336,730000000.0,0.27418652949141087,75287.71805555555,0.177143181818181,98.796125,0.0017930175077026655,0.21622500000000855,0.06099999999999284,-0.6328000000000031,0.177143181818181,0.0017930175077026655
2019-10-22 14:00:00,3,-0.31075415108561044,41000000.0,1640000000.0,0.14226022481390482,75162.4675,-0.11741000000000668,98.678715,-0.0011898209254144288,0.08661499999999478,0.012200000000007094,-0.23210000000000264,-0.11741000000000668,-0.0011898209254144288
2019-10-22 14:30:00,3,-0.30201600168180537,34642857.14285714,1940000000.0,0.10920249860373372,75135.95476190475,-0.02142571428569795,98.6572892857143,-0.00021717315001072525,-0.26891071428569546,0.3340999999999923,0.3258999999999901,-0.02142571428569795,-0.00021717315001072525
2019-10-22 15:00:00,3,-0.4321549511521841,40869565.217391305,1880000000.0,0.1918988651211437,75104.281884058,-0.03135015527951168,98.62593913043479,-0.0003178692700512638,-0.09626086956521362,-0.20399999999999352,-0.09799999999999898,-0.03135015527951168,-0.0003178692700512638
2019-10-22 15:30:00,3,-0.5887761063400028,39016393.44262295,2380000000.0,0.1637273946520941,75075.82595628414,0.04972152530291396,98.6756606557377,0.0005038884459703164,0.12406065573770775,-0.1706000000000074,0.012299999999996203,0.04972152530291396,0.0005038884459703164
2019-10-22 16:00:00,3,-0.5784410436644986,37792207.79220779,2910000000.0,0.17419594008875183,75047.07683982684,-0.008230785607835855,98.66742987012987,-8.34194791398697e-05,-0.33657012987013957,0.45240000000001146,0.3225000000000051,-0.008230785607835855,-8.34194791398697e-05
2019-10-22 16:30:00,3,-0.5134712370565833,36739130.43478261,1690000000.0,0.09025333063561201,75018.57753623188,-0.035512478825523885,98.63191739130434,-0.00036005057758975255,-0.04958260869565834,-0.3225000000000051,0.04070000000000107,-0.035512478825523885,-0.00036005057758975255
2019-10-23 09:30:00,3,-0.6166417564878469,31250000.0,250000000.0,0.06329765144593671,73990.81250000001,0.0759375000000091,98.6476875,0.0007697848973906164,-0.038212500000000205,0.12230000000000985,0.004100000000008208,0.0759375000000091,0.0007697848973906164
2019-10-23 10:00:00,3,-0.7331196149564371,59230769.23076923,770000000.0,0.13780671339383557,73960.40769230768,0.054935576923071494,98.70262307692308,0.0005565766664606057,0.020823076923079498,-0.004100000000008208,9.99999999891088e-05,0.054935576923071494,0.0005565766664606057
2019-10-23 10:30:00,3,-0.7782479911309489,34444444.44444445,310000000.0,0.026891727352476007,73931.95000000001,-0.04395641025641339,98.65866666666666,-0.00044554028289199186,-0.023133333333333894,0.0,0.0408999999999935,-0.04395641025641339,-0.00044554028289199186
2019-10-23 11:00:00,3,-0.4159477551816492,49000000.0,980000000.0,0.04679608170731645,73906.04000000001,-0.03428666666665947,98.62438,-0.00034764899578237625,-0.04931999999999448,-0.008099999999998886,0.07339999999999236,-0.03428666666665947,-0.00034764899578237625
2019-10-23 11:30:00,3,-0.2965127218860655,28800000.0,720000000.0,0.05989122278486738,73875.09866666666,0.0009440000000040527,98.625324,9.571578188215156e-06,-0.05667599999999595,0.008300000000005525,0.08169999999999789,0.0009440000000040527,9.571578188215156e-06
2019-10-23 12:00:00,3,-0.8131109904493884,18000000.0,90000000.0,0.052072305499180974,73853.63666666667,0.017375999999998726,98.6427,0.00017615089611292803,-0.018799999999998818,-0.02049999999999841,0.10190000000000055,0.017375999999998726,0.00017615089611292803
2019-10-23 14:00:00,3,-0.48484211012705347,56578947.368421055,2150000000.0,0.11741272419238137,73724.17982456139,0.010023684210523243,98.65272368421053,0.00010160575234201612,0.02152368421052131,-0.030299999999996885,0.011700000000004707,0.010023684210523243,0.00010160575234201612
2019-10-23 14:30:00,3,-0.5745600364995794,39672131.14754099,2420000000.0,0.1257557557917505,73695.29180327868,-0.01649417601379355,98.63622950819673,-0.00016722228836233923,0.076429508196739,-0.07140000000001123,-0.14240000000000919,-0.01649417601379355,-0.00016722228836233923
2019-10-23 15:00:00,3,-0.30560826054683127,46718750.0,2990000000.0,0.16318690702536126,73664.83463541667,0.004456429303260734,98.6406859375,4.517840950623949e-05,0.1420859374999992,-0.06119999999999948,-0.5913000000000039,0.004456429303260734,4.517840950623949e-05
2019-10-23 15:30:00,3,-0.480729699797326,36585365.853658535,3000000000.0,0.16274085288806597,73633.6705284553,0.04064698932927513,98.68133292682927,0.00041190150278385746,0.08013292682926476,0.10260000000000957,-0.019399999999990314,0.04064698932927513,0.00041190150278385746
2019-10-23 16:00:00,3,-0.21423294249372607,28148148.14814815,1520000000.0,0.05595101294039769,73605.00555555556,-0.027932926829279836,98.65339999999999,-0.0002831420592628317,-0.028400000000004866,0.08059999999998979,-0.001600000000010482,-0.027932926829279836,-0.0002831420592628317
2019-10-23 16:30:00,3,-0.5047974481102484,34054054.05405405,1260000000.0,0.05235382080185377,73578.87297297297,-0.006054054054047242,98.64734594594594,-6.137067344279669e-05,0.10804594594594619,-0.1424999999999983,-0.06109999999999616,-0.006054054054047242,-6.137067344279669e-05
2019-10-23 17:00:00,3,0.49908003740390944,34000000.0,170000000.0,0.03642558167002816,73555.00666666667,-0.030705945945953772,98.61663999999999,-0.0003113667829886901,0.016239999999996257,0.06109999999999616,-0.08140000000000214,-0.030705945945953772,-0.0003113667829886901
2019-10-24 09:30:00,3,-0.6491549622677532,53333333.333333336,320000000.0,0.047684480354374066,72552.05,0.07547666666667396,98.69211666666666,0.0007647689523328084,-0.010183333333330324,0.10190000000000055,0.0,0.07547666666667396,0.0007647689523328084
2019-10-24 10:00:00,3,-0.8119222369368685,40000000.0,280000000.0,0.16658479036500515,72528.50238095238,0.05995476190476268,98.75207142857143,0.0006071240940816991,0.04977142857143235,0.0,0.021099999999989905,0.05995476190476268,0.0006071240940816991
2019-10-24 10:30:00,3,-0.4307774639883229,48461538.461538464,1260000000.0,0.06635682470262794,72498.73461538462,-0.10052527472527117,98.65154615384616,-0.0010189934029873485,-0.010053846153851964,-0.04069999999998686,0.04060000000001196,-0.10052527472527117,-0.0010189934029873485
2019-10-24 11:00:00,3,-0.2728841332627646,38275862.06896552,1110000000.0,0.04365074328304775,72465.39310344827,-0.0011358090185780156,98.65041034482758,-1.151347485132451e-05,-0.09268965517242123,0.08149999999999125,0.16280000000000427,-0.0011358090185780156,-1.151347485132451e-05
2019-10-24 11:30:00,3,-0.5357481790807606,35000000.0,1820000000.0,0.035098140364035434,72434.75480769234,0.02221273209549679,98.67262307692307,0.00022511545150857314,0.03132307692307279,-0.10179999999999723,-0.06099999999999284,0.02221273209549679,0.00022511545150857314
2019-10-24 12:00:00,3,-0.5225340074855599,26923076.923076924,350000000.0,0.022805861257411252,72410.15512820512,-0.0032538461538393904,98.66936923076923,-3.2977267202643725e-05,0.04856923076923181,-0.02049999999999841,-0.06099999999999284,-0.0032538461538393904,-3.2977267202643725e-05
2019-10-24 14:00:00,3,-0.3588523892656236,32307692.307692308,2100000000.0,0.15133262002825168,72286.91871794869,0.020186153846154298,98.68955538461539,0.00020454194739741522,0.10945538461538717,-0.04070000000000107,0.06080000000000041,0.020186153846154298,0.00020454194739741522
2019-10-24 14:30:00,3,-0.32728865902156745,37058823.52941176,2520000000.0,0.05139994147620825,72257.10661764708,-0.05268332579184687,98.63687205882354,-0.0005341139139167795,-0.0449279411764536,0.1016999999999939,0.12179999999999325,-0.05268332579184687,-0.0005341139139167795
2019-10-24 15:00:00,3,-0.4572537734688018,36851851.85185185,1990000000.0,0.10303569620535716,72223.69444444447,0.01975201525053194,98.65662407407407,0.00020020972170810945,-0.02517592592592166,0.0,0.0811999999999955,0.01975201525053194,0.00020020972170810945
2019-10-24 15:30:00,3,-0.20903517918299025,39206349.20634921,2470000000.0,0.11323389882139409,72196.2558201058,0.034764814814806755,98.69138888888888,0.0003522578332943163,0.0966888888888775,-0.0870999999999924,-0.1075000000000017,0.034764814814806755,0.0003522578332943163
2019-10-24 16:00:00,3,-0.6253486416489407,44838709.67741936,1390000000.0,0.0560975218435664,72164.7317204301,-0.03138243727597967,98.6600064516129,-0.00031808671420846665,-0.021793548387094575,0.0870999999999924,0.02019999999998845,-0.03138243727597967,-0.00031808671420846665
2019-10-24 16:30:00,3,-0.5191851310916332,32166666.666666668,965000000.0,0.05317078923230445,72135.9361111111,0.0049335483871146835,98.66494000000002,5.000305465259172e-05,-0.02085999999998478,0.0040000000000048885,0.004599999999996385,0.0049335483871146835,5.000305465259172e-05
2019-10-24 17:00:00,3,-1.0,30000000.0,120000000.0,0.020366721221966012,72116.83333333334,0.027109999999979095,98.69205,0.0002746928450668427,-0.010249999999999204,0.01649999999999352,9.99999999891088e-05,0.027109999999979095,0.0002746928450668427
2019-10-25 09:30:00,3,-0.11898364873298695,40833333.333333336,490000000.0,0.03617126245063605,71111.01527777778,-0.0700249999999869,98.62202500000001,-0.0007100340922830057,-0.044174999999995634,-0.03609999999999047,0.06490000000000862,-0.0700249999999869,-0.0007100340922830057
2019-10-25 10:00:00,3,-0.006954814685605046,33846153.84615385,440000000.0,0.19820936256962446,71088.47564102564,-0.10150961538461445,98.5205153846154,-0.001030339873764666,-0.1614846153846088,0.015799999999998704,0.09709999999999752,-0.10150961538461445,-0.001030339873764666
2019-10-25 10:30:00,3,-0.5026122926995038,44444444.44444445,800000000.0,0.06774009152636126,71055.02777777777,0.11815128205127223,98.63866666666667,0.0011978191316245714,0.057566666666659216,-0.10089999999999577,-0.08099999999998886,0.11815128205127223,0.0011978191316245714
2019-10-25 11:00:00,3,-0.5541586722171173,33548387.096774194,1040000000.0,0.05867299831424107,71022.0634408602,-0.03855053763440708,98.60011612903226,-0.0003909786230267541,0.0076161290322573905,0.011399999999994748,0.07319999999999993,-0.03855053763440708,-0.0003909786230267541
2019-10-25 11:30:00,3,-0.5025598748368075,40000000.0,1120000000.0,0.10423954250773536,70997.25178571428,0.05988387096773806,98.66,0.0006069721363038522,-0.26659999999999684,0.3340999999999923,0.30509999999999593,0.05988387096773806,0.0006069721363038522
2019-10-25 12:00:00,3,-0.05168951965740924,25555555.555555556,230000000.0,0.039089814672252005,70977.92962962964,-0.020288888888885026,98.63971111111111,-0.00020568682390027413,-0.06258888888888237,-0.2242999999999995,0.1016999999999939,-0.020288888888885026,-0.00020568682390027413
2019-10-25 14:00:00,3,-0.48706800183434845,50625000.0,2430000000.0,0.05197423832504125,70845.70034722223,-0.03541736111111504,98.60429375,-0.0003591868037806928,0.007693750000001387,-0.1056999999999988,-0.04440000000001021,-0.03541736111111504,-0.0003591868037806928
2019-10-25 14:30:00,3,-0.619903275243595,46129032.258064516,1430000000.0,0.07031766063976652,70813.32795698926,0.002590120967738585,98.60688387096774,2.626714146172486e-05,-0.07511612903226705,0.08540000000000703,0.019800000000003593,0.002590120967738585,2.626714146172486e-05
2019-10-25 15:00:00,3,-0.5062809682218095,76756756.75675675,2840000000.0,0.07702903356535137,70787.19774774775,-0.0012352223190816858,98.60564864864865,-1.252689207981407e-05,0.010848648648646986,-0.08719999999999573,-0.06739999999999213,-0.0012352223190816858,-1.252689207981407e-05
2019-10-25 15:30:00,3,-0.1529647438668857,52162162.16216216,1930000000.0,0.10035732720196835,70755.27432432432,0.029102702702701322,98.63475135135135,0.00029505526504581793,0.08225135135135986,-0.04230000000001155,-0.028400000000004866,0.029102702702701322,0.00029505526504581793
2019-10-25 16:00:00,3,-0.5065545430131815,42615384.615384616,2770000000.0,0.11129906681566959,70723.14435897439,-0.02111750519750899,98.61363384615385,-0.0002141438701108429,0.012433846153840022,0.048700000000010846,0.04060000000001196,-0.02111750519750899,-0.0002141438701108429
2019-10-25 16:30:00,3,-0.3507140928025932,34500000.0,1380000000.0,0.10213476890477086,70700.99875000004,-0.004456346153844493,98.6091775,-4.5192002071455194e-05,0.129777500000003,-0.12180000000000746,-0.1822000000000088,-0.004456346153844493,-4.5192002071455194e-05
2019-10-28 10:00:00,3,-0.5714500946553874,74000000.0,740000000.0,0.030446973941957247,66767.36333333333,-0.29455999999998994,98.26604,-0.002997576782375579,-0.051459999999991624,-0.16190000000000282,0.08089999999999975,-0.29455999999998994,-0.002997576782375579
2019-10-28 10:30:00,3,-0.39069693725772286,31000000.0,310000000.0,0.17955247577116887,66733.74833333334,0.10769999999999413,98.37374,0.0010948043654738972,-0.2071600000000018,0.2634000000000043,0.42600000000000193,0.10769999999999413,0.0010948043654738972
2019-10-28 11:00:00,3,-0.31260050238742065,26666666.666666668,320000000.0,0.18941906323058305,66700.57638888888,0.08044333333333498,98.45418333333333,0.000817063639246089,-0.1267166666666668,0.0,0.06090000000000373,0.08044333333333498,0.000817063639246089
2019-10-28 11:30:00,3,-0.02923048757188901,30000000.0,210000000.0,0.17833123140728266,66671.55476190476,0.039902380952383965,98.49408571428572,0.00040512463934264906,0.014685714285718632,-0.10150000000000148,0.36409999999999343,0.039902380952383965,0.00040512463934264906
2019-10-28 12:00:00,3,-0.44407261385544855,60000000.0,540000000.0,0.1926097378408227,66645.31111111112,-0.084274603174606,98.40981111111111,-0.0008563638342873605,0.29451111111110606,-0.36409999999999343,-0.4046999999999912,-0.084274603174606,-0.0008563638342873605
2019-10-28 14:00:00,3,-0.4850562112493141,55000000.0,2090000000.0,0.22330444662374002,66527.60614035086,-0.07230321637426584,98.33750789473685,-0.0007352557322447218,-0.1418921052631532,0.36409999999999343,0.28359999999999275,-0.07230321637426584,-0.0007352557322447218
2019-10-28 14:30:00,3,-0.4106881640879336,35555555.55555555,2240000000.0,0.21994041894409774,66495.57433862434,0.015214327485367107,98.35272222222221,0.00015469147311440173,0.19702222222221621,-0.3237000000000023,-0.20230000000000814,0.015214327485367107,0.00015469147311440173
2019-10-28 15:00:00,3,-0.37964045970418764,25777777.777777776,1160000000.0,0.17466604629198185,66466.56777777779,0.062311111111114315,98.41503333333333,0.0006331462684167933,0.28353333333332387,-0.024199999999993338,-0.4697000000000031,0.062311111111114315,0.0006331462684167933
2019-10-28 15:30:00,3,-0.49327988807064665,32328767.12328767,2360000000.0,0.18886002423940268,66432.48036529683,-0.05315662100456109,98.36187671232877,-0.0005404189385286341,-0.1947232876712377,0.4251000000000005,0.07720000000000482,-0.05315662100456109,-0.0005404189385286341
2019-10-28 16:00:00,3,-0.16677133726965385,32380952.38095238,1360000000.0,0.21705411546849915,66406.48214285716,-0.01759814090019063,98.34427857142857,-0.00017894422691208108,-0.1351214285714235,-0.07720000000000482,0.44480000000000075,-0.01759814090019063,-0.00017894422691208108
2019-10-28 16:30:00,3,-0.4705973424721993,27931034.48275862,1620000000.0,0.22645675722246075,66375.99281609195,-0.0877268472906394,98.25655172413794,-0.0008928345820331512,-0.36494827586206213,0.14209999999999923,0.5061999999999927,-0.0877268472906394,-0.0008928345820331512
2019-10-29 10:00:00,3,0.06460661756628701,31428571.42857143,440000000.0,0.03190701893224454,65327.01666666666,0.0048976190476111015,98.00886428571428,4.997118457911746e-05,-0.025235714285713584,0.039499999999989654,0.018699999999995498,0.0048976190476111015,4.997118457911746e-05
2019-10-29 10:30:00,3,-0.09606850159883602,22222222.222222224,400000000.0,0.10547148934835018,65293.77037037039,-0.03889206349205665,97.96997222222222,-0.0003969794275723484,0.03587222222222408,-0.09999999999999432,-0.12069999999999936,-0.03889206349205665,-0.0003969794275723484
2019-10-29 11:00:00,3,-0.22248360099984088,28809523.80952381,1210000000.0,0.17637182013372119,65265.19365079367,0.04176349206349528,98.01173571428572,0.00042610705502900333,-0.8583642857142735,0.9359999999999928,0.9553999999999974,0.04176349206349528,0.00042610705502900333
2019-10-29 11:30:00,3,-0.3165402343532586,34285714.28571428,720000000.0,0.09799481764723192,65238.866666666654,0.00497857142856617,98.01671428571429,5.0793086310298663e-05,-0.038085714285713834,-0.8152999999999935,0.12069999999999936,0.00497857142856617,5.0793086310298663e-05
2019-10-29 12:00:00,3,-0.4360254193615229,27692307.692307692,360000000.0,0.16037266815859824,65211.29615384616,0.06453186813186562,98.08124615384615,0.0006579429877006623,-0.07445384615384398,0.10089999999999577,0.10490000000000066,0.06453186813186562,0.0006579429877006623
2019-10-29 14:00:00,3,-0.3940902222841185,44736842.10526316,2550000000.0,0.15657992172039392,65088.68976608186,0.006629284750331976,98.08787543859648,6.758515994652105e-05,0.13357543859648047,-0.20139999999999247,-0.16100000000000136,0.006629284750331976,6.758515994652105e-05
2019-10-29 14:30:00,3,-0.43930441199352654,34246575.34246575,2500000000.0,0.2637858385628984,65056.58630136986,0.012591684691187766,98.10046712328767,0.00012835499218737844,0.14616712328766823,0.0,-0.32269999999999754,0.012591684691187766,0.00012835499218737844
2019-10-29 15:00:00,3,-0.6253880805413237,36075949.36708861,2850000000.0,0.13848504904439282,65023.668987341734,-0.06909750303449869,98.03136962025317,-0.0007048509400833998,-0.0035303797468202447,0.08059999999998979,0.02019999999998845,-0.06909750303449869,-0.0007048509400833998
2019-10-29 15:30:00,3,-0.20482750325566837,33571428.571428575,1880000000.0,0.21214765964654403,64994.487797619055,0.0511982368896895,98.08256785714286,0.0005219911958693788,0.1484678571428617,-0.10079999999999245,0.0,0.0511982368896895,0.0005219911958693788
2019-10-29 16:00:00,3,-0.39221693941734187,35263157.89473684,2010000000.0,0.18546515694964258,64968.379532163744,-0.00834855889725361,98.07421929824561,-8.512490802364157e-05,-0.08148070175438704,0.22159999999999513,0.1974000000000018,-0.00834855889725361,-8.512490802364157e-05
2019-10-29 16:30:00,3,-0.5388504072691547,41555555.55555555,1870000000.0,0.3135477877807811,64936.724444444466,0.011338479532156498,98.08555777777777,0.00011559784935764866,0.17155777777776393,-0.24169999999999447,0.0,0.011338479532156498,0.00011559784935764866
2019-10-29 17:00:00,3,0.043611237384316104,26000000.0,260000000.0,0.04762445800216655,64907.746666666666,-0.16108777777776595,97.92447,-0.001645020675401827,-0.09023000000000536,0.10070000000000334,0.080600000000004,-0.16108777777776595,-0.001645020675401827
2019-10-30 09:30:00,3,-0.7555259078667728,24000000.0,120000000.0,0.03493018751738818,63912.27333333333,-0.0706299999999942,97.85384,-0.0007217907851137389,-0.019859999999994216,-0.14100000000000534,0.019700000000000273,-0.0706299999999942,-0.0007217907851137389
2019-10-30 10:00:00,3,-0.39767726252915514,46250000.0,370000000.0,0.03694650331415527,63883.8125,-0.07735250000000349,97.7764875,-0.0007911155532152194,-0.04131250000000364,-0.055899999999994066,0.08450000000000557,-0.07735250000000349,-0.0007911155532152194
2019-10-30 10:30:00,3,-0.21033522694452256,43750000.0,350000000.0,0.1222872817823414,63857.28541666667,0.02733750000000157,97.803825,0.000279513607980072,0.09052499999999952,-0.10450000000000159,-0.0014999999999929514,0.02733750000000157,0.000279513607980072
2019-10-30 11:00:00,3,-0.4360583074056802,33333333.333333332,400000000.0,0.07727889819388288,63822.229166666664,0.05656666666666865,97.86039166666667,0.0005780343375218317,-0.013308333333327482,0.16039999999999566,-0.040300000000002,0.05656666666666865,0.0005780343375218317
2019-10-30 11:30:00,3,-0.17622093704091163,28666666.666666668,860000000.0,0.3268373662320731,63794.64722222222,0.1345583333333309,97.99495,0.0013731149751424017,0.04064999999999941,0.080600000000004,0.16100000000000136,0.1345583333333309,0.0013731149751424017
2019-10-30 12:00:00,3,0.08768188839665063,26250000.0,210000000.0,0.08056080999557236,63773.504166666666,-0.11463750000000061,97.8803125,-0.001171200796891618,0.006612500000002797,-0.080600000000004,-0.06040000000000134,-0.11463750000000061,-0.001171200796891618
2019-10-30 14:00:00,3,-0.5218061592801404,42833333.333333336,2570000000.0,0.15409783277181952,63646.94222222222,-0.045000833333332935,97.83531166666667,-0.00045996514516818477,0.2825116666666645,-0.32089999999999463,-0.2002999999999986,-0.045000833333332935,-0.00045996514516818477
2019-10-30 14:30:00,3,-0.5493635309942118,38979591.8367347,1910000000.0,0.209409190720378,63613.799999999996,-0.004391258503403606,97.83092040816327,-4.4886202491837e-05,0.2781204081632609,0.0,-0.22039999999999793,-0.004391258503403606,-4.4886202491837e-05
2019-10-30 15:00:00,3,-0.5446282853271323,32597402.5974026,2510000000.0,0.2049393035780577,63586.95541125541,-0.060117810760658585,97.77080259740261,-0.0006148851105192389,-0.12339740259739074,0.34139999999999304,-0.019800000000003593,-0.060117810760658585,-0.0006148851105192389
2019-10-30 15:30:00,3,-0.48719624462528816,33734939.759036146,2800000000.0,0.25861542953538086,63553.44899598391,0.018387764043183097,97.78919036144579,0.00018803473037478616,0.055890361445790404,-0.16089999999999804,-0.30159999999999343,0.018387764043183097,0.00018803473037478616
2019-10-30 16:00:00,3,-0.47131832583741023,43698630.1369863,3190000000.0,0.19720771795766462,63525.1600456621,-0.002919128569075724,97.78627123287671,-2.9852130900091874e-05,0.03317123287671109,0.019800000000003593,-0.28179999999998984,-0.002919128569075724,-2.9852130900091874e-05
2019-10-30 16:30:00,3,-0.38176785571167154,28593750.0,1830000000.0,0.21859642155321957,63496.573697916654,-0.125239982876721,97.66103125,-0.0012823946386161164,-0.13196875000001285,0.03990000000000293,0.24020000000000152,-0.125239982876721,-0.0012823946386161164
2019-10-30 17:00:00,3,-0.46214213000698917,26216216.216216218,970000000.0,0.1888740539572816,63472.722522522534,-0.08080152027027054,97.58022972972972,-0.0008280521627594896,0.027429729729718133,-0.24020000000000152,0.18019999999999925,-0.08080152027027054,-0.0008280521627594896
2019-10-31 09:30:00,3,-0.5254731718133387,62413793.10344828,1810000000.0,0.048142514725945856,62471.740804597684,0.11643233923578578,97.69666206896551,0.0011917739743615241,0.06326206896551412,0.08059999999998979,0.08059999999998979,0.11643233923578578,0.0011917739743615241
2019-10-31 10:00:00,3,-0.7127399625352244,61304347.82608695,1410000000.0,0.1253959709308541,62449.202173913036,-0.027266416791604797,97.6693956521739,-0.0002791705283885199,-0.004104347826100252,0.04010000000000957,0.04010000000000957,-0.027266416791604797,-0.0002791705283885199
2019-10-31 10:30:00,3,-0.12768126960676485,21111111.111111112,190000000.0,0.11826164260279641,62420.06481481482,0.017415458937207973,97.68681111111111,0.00017827850801065918,-0.10678888888888594,0.12009999999999366,0.16020000000000323,0.017415458937207973,0.00017827850801065918
2019-10-31 11:00:00,3,-0.5103772530053619,22916666.666666668,550000000.0,0.2093453315125216,62384.80694444443,0.008888888888890278,97.6957,9.098546700510134e-05,0.04229999999999734,-0.140199999999993,-0.0601999999999947,0.008888888888890278,9.098546700510134e-05
2019-10-31 11:30:00,3,-0.5475926340267545,26190476.19047619,1100000000.0,0.17005019701955076,62351.8392857143,-0.07443095238096475,97.62126904761904,-0.0007624460643372482,-0.0723309523809661,0.04019999999999868,0.06020000000000891,-0.07443095238096475,-0.0007624460643372482
2019-10-31 12:00:00,3,-0.4240551548175445,27200000.0,680000000.0,0.13575188678860808,62333.80333333332,-0.11740104761904036,97.503868,-0.001204065541472061,-0.008831999999998175,-0.18090000000000828,0.08010000000000161,-0.11740104761904036,-0.001204065541472061
2019-10-31 14:00:00,3,-0.25512529145856055,33727272.72727273,3710000000.0,0.3689467188558014,62204.710151515166,0.18887381818181836,97.69274181818182,0.0019333454529645174,0.039341818181810595,0.1407000000000096,0.16080000000000894,0.18887381818181836,0.0019333454529645174
2019-10-31 14:30:00,3,-0.3721788153796039,30882352.94117647,3150000000.0,0.2183360306414327,62173.21176470586,-0.00014083778965812144,97.69260098039216,-1.441642337748679e-06,-0.12109901960783986,0.16029999999999234,0.10439999999999827,-0.00014083778965812144,-1.441642337748679e-06
2019-10-31 15:00:00,3,-0.2553035109371197,30133333.333333332,2260000000.0,0.17305434885508497,62146.12511111113,-0.033807647058822,97.65879333333334,-0.00034618129002913475,0.08599333333333448,-0.24089999999999634,0.10020000000000095,-0.033807647058822,-0.00034618129002913475
2019-10-31 15:30:00,3,-0.3127630258083971,34036697.24770642,3710000000.0,0.49131212429344967,62115.44709480118,0.19468648318043336,97.85347981651377,0.0019895713831076045,0.3407798165137734,-0.06010000000000559,-0.28130000000000166,0.19468648318043336,0.0019895713831076045
2019-10-31 16:00:00,3,-0.40326929626151536,34900000.0,3490000000.0,0.23686109142343942,62083.986999999994,-0.2046238165137737,97.648856,-0.0020955065414568065,-0.8138440000000031,0.9500000000000028,0.8293000000000035,-0.2046238165137737,-0.0020955065414568065
2019-10-31 16:30:00,3,-0.4124112083707984,35487804.87804878,2910000000.0,0.17690993711247957,62057.39491869916,0.04881351219512453,97.69766951219512,0.0004996384503218,-0.036030487804879385,-0.7289999999999992,-0.14069999999999538,0.04881351219512453,0.0004996384503218
2019-10-31 17:00:00,3,-0.2376341805928611,43333333.333333336,520000000.0,0.2062283435829549,62031.81805555555,-0.02353617886178938,97.67413333333333,-0.00024096634450256413,-0.13996666666666613,0.08039999999999736,,-0.02353617886178938,-0.00024096634450256413
