,\delta p autocorr,direction autocorr,spread,trade_size_ave,trade_size_sum, Parks,Gk,TTM
2022-03-01 09:30:00,-0.1106274727182627,0.4833333333333331,0.0045443023256126,97896621396.8254,6167487148000.0,0.5381456867495805,0.9143063378207106,14411.103030303031
2022-03-01 10:00:00,-0.299007323534936,0.5532105295224334,-0.0047741100918159,1323425563036.036,1028301662479000.0,19.04504078902324,32.35074172399389,14383.250635276532
2022-03-01 10:30:00,-0.189763045075981,0.5203200681874376,0.0015742448435531,3508075750518.268,2592467979633000.0,21.43121706542441,36.404004082604274,14355.345110847187
2022-03-01 11:00:00,-0.1207284179435052,0.4838261522575811,0.0029992462500842,5104220401239.829,2383670927379000.0,13.747417685007113,23.351970008900604,14326.402224435593
2022-03-01 11:30:00,-0.1921567699415438,0.3459430331155012,0.0041980863373964,5910142206839.623,1252950147850000.0,6.8204694198128335,11.585559530401737,14298.255555555555
2022-03-01 12:00:00,-0.347932842260572,0.3448281541042982,-0.0011782608695511,6195514075230.77,161083365956000.0,1.0235925105647894,1.7387799917141198,14273.096031746032
2022-03-01 14:00:00,-0.2004580424544315,0.5847240837357122,-0.00274822440727,6671089775973.118,2481645396662000.0,11.873924850557902,20.169574184171385,14141.434780907668
2022-03-01 14:30:00,-0.1847038031653357,0.6315281796885766,0.0031535516579879,7602726669462.141,2911844314404000.0,12.816915893702838,21.77137944742136,14114.869640234949
2022-03-01 15:00:00,-0.2946655239901168,0.6102629962354011,0.0030784637682046,8363086593529.412,1990414609260000.0,8.08582262482826,13.734942046989008,14087.86275862069
2022-03-01 15:30:00,-0.0049321543797796,0.6076555023923443,0.0027744444443982,8751353166554.217,726362312824000.0,2.8419032357747125,4.827409981743435,14057.141823899372
2022-03-01 16:00:00,-0.0265502186566267,0.7498288250785273,0.017490445079602,9004551463072.727,990500660938000.0,4.020762855149493,6.82986417616246,14026.514452214453
2022-03-01 16:30:00,0.3218331037472883,0.5773502691896257,0.0124857142856882,9181845371600.0,137727680574000.0,1.2638794000752058,2.146912179446494,13994.665432098764
2022-03-01 17:00:00,-0.1768276844750395,0.5666666666666665,0.0083320000000668,9273359414950.0,370934376598000.0,1.811648524883981,3.077379603067491,13965.928835978835
2022-03-01 17:30:00,0.692933041245142,0.6123724356957946,0.0028749999999888,9355098244500.0,56130589467000.0,0.4207528661066932,0.7147503086183229,13938.776041666666
2022-03-01 18:00:00,0.5000000000052641,,0.0071499999999957,9372190935200.0,46860954676000.0,0.4751841289761756,0.8071484502663344,13902.430208333331
2022-03-02 09:30:00,-0.0419374844030853,0.8245155516598043,-0.0019202898550787,136519901903.2258,8464233918000.0,0.8633476449931228,1.4663462702829533,12968.558870967743
2022-03-02 10:00:00,-0.2108022297569139,0.5857668820470789,-0.0019755897013595,1176314679981.022,805775555787000.0,13.122003598445165,22.289596012697004,12942.365596107056
2022-03-02 10:30:00,-0.2665626200650134,0.6202190298298986,0.0013167092944144,3459235856784.124,3573390640058000.0,19.78836455064796,33.613371232692096,12915.183446272991
2022-03-02 11:00:00,-0.1020137638819869,0.6316546966258066,0.0012768899896116,5689175228626.2295,3470396889462000.0,11.685287875987663,19.84912663999457,12886.310601092897
2022-03-02 11:30:00,0.0165414703358063,0.5297173414820486,0.0037856736242929,6877820176966.154,2235291557514000.0,6.225768130649166,10.57533711015076,12859.045794871794
2022-03-02 12:00:00,-0.4815090634274441,0.5773502691896258,0.0009337500000157,7315179222380.952,153618763670000.0,0.4022804022880999,0.6829582065985156,12832.969047619046
2022-03-02 14:00:00,-0.2649974441459916,0.5871847026635905,0.002834659864078,7682278169672.474,2204813834696000.0,5.4978321646040325,9.33883015101477,12703.658013937282
2022-03-02 14:30:00,-0.2204630422565832,0.657891832579142,0.0032128986696022,8602948073853.081,3630444087166000.0,8.083920465027532,13.731681217661114,12674.357227488152
2022-03-02 15:00:00,-0.2100075137718188,0.696196029909088,0.0063324016563655,9456572405140.469,2827515149137000.0,5.727706680197232,9.729306120411408,12645.058082497211
2022-03-02 15:30:00,-0.3142102298585657,0.5558220889555227,0.0091981620554264,10167743923871.922,2064052016546000.0,3.888710555451633,6.605494741879344,12621.131444991788
2022-03-02 16:00:00,-0.3738567549034162,0.68052738336714,0.0067319211822365,10595614620187.5,678119335692000.0,1.2259974164970664,2.082410362635097,12584.1953125
2022-03-02 16:30:00,-0.3808355374833803,0.5102828626207218,0.0001742857142374,10808558981682.54,680939215846000.0,1.251603873102196,2.125909108614433,12560.92671957672
2022-03-02 17:00:00,0.0363448888958008,0.6915640748081247,0.0065173913043423,10955290019480.0,273882250487000.0,0.5142115922143992,0.8731705916313001,12529.966666666667
2022-03-02 17:30:00,-0.3143239949063228,0.5000000000000001,0.000108333333344,11007833818000.0,187133174906000.0,0.3607503739418208,0.61237054207821,12496.921568627453
2022-03-02 18:00:00,-0.5,-0.3333333333333333,0.0080999999999988,11033423991200.0,55167119956000.0,0.1085107115715151,0.1829340170897765,12475.653333333334
2022-03-03 09:30:00,-0.4059560129517253,0.4935104795758379,0.0008492337164511,61975108808.51064,2912830114000.0,0.2665780114625325,0.4523697761447269,11530.898226950354
2022-03-03 10:00:00,-0.4717041717655739,0.6764385307409168,0.0008074121485321,1479752642605.317,1447198084468000.0,14.539727635442828,24.69780703263109,11503.0659160696
2022-03-03 10:30:00,-0.1219102327364132,0.576468838393855,0.0004523066341306,4597787887851.613,5701256980936000.0,23.61783682608668,40.11828229321351,11475.874092009686
2022-03-03 11:00:00,-0.2499753758652735,0.5707832532306818,0.004957357577112,7255380981652.005,5608409498817000.0,14.959396092690731,25.410674403888244,11444.801208981002
2022-03-03 11:30:00,-0.0885882434721207,0.6618427317869542,0.0040214876034667,8844329149617.283,4298343966714000.0,10.514057729118464,17.85962544198228,11417.989437585731
2022-03-03 12:00:00,-0.0982340166063076,0.3181818181818182,0.0018583333333168,9412964991437.5,150607439863000.0,0.3504793346021879,0.5949963204280223,11387.854166666666
2022-03-03 14:00:00,-0.1489976138782871,0.523416532742684,0.0051941079610458,9765933527170.123,2353589980048000.0,5.391086537427802,9.157512344320892,11259.113194444444
2022-03-03 14:30:00,-0.1514986114517264,0.5439248953631645,0.0090451416308638,10578071191992.168,4051401266533000.0,9.255586401979397,15.721929620732851,11234.392993907746
2022-03-03 15:00:00,-0.2162576640729938,0.5846098765627943,0.0075726243062916,11536911071010.523,4384026206984000.0,9.974846717059345,16.943697488808564,11206.281184210526
2022-03-03 15:30:00,-0.2355991697235638,0.5887323943661964,0.0107816901408313,12263105046908.451,1741360916661000.0,3.86214870686441,6.560383053609108,11179.109507042254
2022-03-03 16:00:00,-0.404947094861509,0.6993498671526227,0.021176153846099,12608138827912.088,1147340633340000.0,2.483476933828319,4.2184937864580645,11141.499816849817
2022-03-03 16:30:00,-0.59640962286126,0.6875000000000002,0.0137197278911713,12904227867465.754,942008634325000.0,1.9922397381260144,3.384044929632305,11115.233789954338
2022-03-03 17:00:00,-0.3501102094060859,0.2557390794935061,0.0011195046439951,13065203980777.775,470347343308000.0,0.9824743914046096,1.6687514531415115,11089.440277777778
2022-03-03 17:30:00,-0.1473919382026909,0.4230769230769229,-0.0042071428571404,13130341521812.5,210085464349000.0,0.4366552850687154,0.7414462993738676,11056.078125
2022-03-03 18:00:00,1.0,,,13159046682750.0,52636186731000.0,0.1091638212671788,0.1843257151803101,11027.270833333332
2022-03-04 09:30:00,-0.0962612922635329,0.7156177156177158,0.0011370122631717,96407264080.64516,5977250373000.0,0.5137601930697431,0.8729114916853047,10095.605107526882
2022-03-04 10:00:00,-0.1358764910659123,0.6506447628801256,0.0009697507952353,1137232399649.4253,791513750156000.0,7.586969773316406,12.887572283554976,10063.310464559388
2022-03-04 10:30:00,-0.2676654809429334,0.5482003191812077,0.0019977349089401,3560546918200.723,3937964891530000.0,16.305267416701,27.696844960679343,10035.067631103077
2022-03-04 11:00:00,-0.1434280758888597,0.5291137439072133,0.0031760132594484,6078931820257.636,4577435660654000.0,12.957017877815868,22.009364067490655,10006.083488269149
2022-03-04 11:30:00,-0.1583297383902935,0.5499220899152942,0.0107794074709772,7636746837886.266,3558724026455000.0,8.088602770677376,13.739667057026823,9974.499856938484
2022-03-04 12:00:00,-0.0927072097631449,0.6364806333091776,0.0105931855500216,8369825203898.734,661216191108000.0,1.5100852991208278,2.565170234447032,9945.259071729955
2022-03-04 14:00:00,-0.3673006753393634,0.379953379953381,0.0030210015790146,8792207405018.727,2347519377140000.0,5.578190615407887,9.475377690572309,9820.90861423221
2022-03-04 14:30:00,-0.1865816063999302,0.6018004187721799,0.0046572069098971,9524862052774.023,3667071890318000.0,8.303575817924573,14.104829292751903,9796.392121212122
2022-03-04 15:00:00,-0.0485969958012557,0.6144480519480513,0.0043932421561407,10269361635980.1,2064141688832000.0,4.335113608838543,7.363838594259508,9766.93656716418
2022-03-04 15:30:00,-0.1336373447074286,0.6751492859105923,0.0156423809523857,10632385190771.93,606045955874000.0,1.2293605756407808,2.088335763554612,9734.098538011696
2022-03-04 16:00:00,-0.3383655768820295,0.6571428571428569,0.0051642857143008,10766216071069.768,462947291056000.0,0.9274123640798873,1.575462760722072,9708.022480620157
2022-03-04 16:30:00,-0.4038385101091926,0.3650793650793651,0.0074777777778081,10861046890838.707,336692453616000.0,0.6685996113134072,1.1358784577128465,9674.872043010751
2022-03-04 17:00:00,0.107472457150462,-0.0714285714285713,0.0134199999999964,10922253303375.0,174756052854000.0,0.3450836703553069,0.5864957414146439,9644.446875
2022-03-04 17:30:00,-0.2187818027389592,-0.0666666666666666,0.0157999999999702,10961584036764.703,186346928625000.0,0.3666513997525136,0.6231127203443164,9617.916666666668
2022-03-07 09:30:00,-0.3662707415809377,0.5713152360134455,-0.0025519230769361,97088485176.47058,3301008496000.0,0.4451234673009674,0.7560851756824304,5773.645588235295
2022-03-07 10:00:00,-0.0975909539263951,0.6150093937543075,-0.0010091716830658,1114387976130.2014,830219042217000.0,12.502313652053886,21.23697433145209,5743.401700223713
2022-03-07 10:30:00,-0.1544829372311469,0.6191679947244059,0.0021089971477294,3316795546358.224,3286944386441000.0,17.63135309692209,29.949384578595357,5715.348570467541
2022-03-07 11:00:00,-0.0627992401883353,0.5854943583859252,0.0016289766662112,5336517378206.79,3458063261078000.0,12.58854555993494,21.383451615049854,5685.470318930041
2022-03-07 11:30:00,-0.4662924939682207,0.6031833475869135,0.0050097991467197,6783130493375.271,3127023157446000.0,8.955739973966061,15.212609353770926,5659.418618944324
2022-03-07 14:00:00,-0.027766386517751,0.5708074919557247,0.0068473538567985,7815202026818.472,2453973436421000.0,5.95534178454304,10.116001645438349,5504.34705882353
2022-03-07 14:30:00,-0.1021428523702432,0.656227925594537,0.0019668256194478,8734407022109.215,2559181257478000.0,5.955228300525671,10.115808876508634,5476.32707622298
2022-03-07 15:00:00,-0.1301828577188295,0.5394736842105272,0.0146409782607435,9457498694426.54,1995532224524000.0,4.304978674875219,7.312622310184531,5445.289968404423
2022-03-07 15:30:00,-0.0882718670615128,0.5647058823529414,0.0105021520803774,9816100391640.0,736207529373000.0,1.5364796020058855,2.609925173134154,5418.828222222222
2022-03-07 16:00:00,0.2847882571190826,0.3785654988301422,0.0011504347825734,9985913487069.768,429394279944000.0,0.8809149718167075,1.4963499918946228,5383.729069767442
2022-03-07 16:30:00,0.1246889848202116,0.9058216273156772,-0.0036598290598135,10078677803500.0,221730911677000.0,0.4507006832550597,0.7655591371691449,5352.289393939394
2022-03-07 17:00:00,-0.0688742753476045,0.709090909090909,0.0145499999999856,10147542098393.94,334868889247000.0,0.6826179721268586,1.1595109866729674,5326.101010101011
2022-03-07 17:30:00,-0.423179092660354,0.0912870929175276,0.00521999999998,10207872930000.0,81662983440000.0,0.1682328761967472,0.2857122535290512,5300.075
2022-03-07 18:00:00,-0.3263175203483621,0.6123724356957944,0.0064749999999946,10235549476333.334,61413296858000.0,0.1261746571475604,0.2142518416332762,5273.733333333334
2022-03-08 09:30:00,-0.3225569994956819,-0.0657951694959768,-0.0025545454545152,34322099166.666668,823730380000.0,0.1200089112926408,0.2043900386673124,4328.561805555556
2022-03-08 10:00:00,-0.4300694875833444,0.5529376854599413,0.0025328411426812,1225639057204.0574,1027085529937000.0,10.329236198506536,17.5456972225128,4302.109307875895
2022-03-08 10:30:00,-0.3966567500331328,0.5969926973790268,0.0027281933157468,3693325658987.391,3807818754416000.0,14.992336353410138,25.46664051395331,4276.333915292596
2022-03-08 11:00:00,-0.1440094882817981,0.646476917736897,0.0005544841012579,5929782022691.177,4032251775430000.0,9.873711332653237,16.771923112806654,4245.447103583701
2022-03-08 11:30:00,-0.0965501636404893,0.6216370019849291,0.004665974119419,7265801579061.047,2499435743197000.0,5.002292633921521,8.497125286932002,4215.48871124031
2022-03-08 12:00:00,-0.2490094339763014,0.025,0.0040666666666453,7786188232642.857,109006635257000.0,0.2035816769619223,0.3461299348465992,4193.140476190476
2022-03-08 14:00:00,-0.1621524994878355,0.6472458996280462,0.0024123321123425,8146487145730.496,2297309375096000.0,4.386308588105738,7.450789743299783,4063.050827423168
2022-03-08 14:30:00,-0.1907849519535354,0.5610693769332734,0.0026227956988833,8895326263337.748,2686388531528000.0,4.757959079311561,8.082090321262632,4034.3432119205295
2022-03-08 15:00:00,-0.2140354004452749,0.5116830718971505,0.0048541560102535,9568472132139.176,1856283593635000.0,3.0722450588085315,5.218670438800363,4006.552319587629
2022-03-08 15:30:00,-0.1073304716886093,0.623529411764705,0.0073171428571185,9929185258214.283,695042968075000.0,1.1150967937700913,1.89420997323339,3978.861428571429
2022-03-08 16:00:00,-0.4402618639241689,0.6740186015747761,-0.001501374999961,10109494802789.477,576241203759000.0,0.9910580568956094,1.6835196180602574,3941.015789473684
2022-03-08 16:30:00,-0.1884456456177031,0.926075268817204,0.0007176774193311,10278231423089.283,575580959693000.0,1.0864372312028516,1.8455291190695489,3911.6958333333337
2022-03-08 17:00:00,-0.0699725757951466,0.3666666666666666,0.0045817460317607,10386001333666.666,405054052013000.0,0.7862813688528085,1.3356939848134002,3887.564957264957
2022-03-08 17:30:00,0.263739949075655,0.4444444444444443,0.006896825396808,10454846800625.0,167277548810000.0,0.323370257716104,0.549490585177708,3858.647916666667
2022-03-08 18:00:00,-1.0,,,10475035635000.0,41900142540000.0,0.080842564429026,0.1381196029476949,3833.925
2022-03-09 09:30:00,0.0794945738457577,0.1823232246362438,0.0031548717948624,30126051857.142857,843529452000.0,0.1657119521899037,0.2806487170149325,2893.0422619047617
2022-03-09 10:00:00,-0.3042689703172606,0.5331678706084749,0.0014829192866585,860313104085.8586,511025983827000.0,6.902545888563598,11.724945341049231,2861.422372119168
2022-03-09 10:30:00,-0.1792109241747214,0.5694995066500753,0.0011800425299384,3190769092255.556,4020369056242000.0,14.847531807025648,25.22065556244996,2833.920357142857
2022-03-09 11:00:00,-0.1697309100669385,0.6486751052551625,0.0012110909794245,5458517986235.385,3548036691053000.0,7.997500140430764,13.584885120399804,2807.7592820512823
2022-03-09 11:30:00,-0.280738408542787,0.5658793820558535,0.0018465531224904,6638509631158.209,2223900726438000.0,4.123763890141688,7.004771564467578,2778.9316915422887
2022-03-09 12:00:00,0.1788916499364783,0.6682951125722248,0.0093208333333052,7069449073966.667,212083472219000.0,0.3895505959138708,0.6613520791168236,2747.6705555555554
2022-03-09 14:00:00,-0.2802193840104027,0.5108262108262102,0.0091339261350213,7492066687289.474,2277588272936000.0,6.011913025806737,10.212074556440434,2620.8813596491227
2022-03-09 14:30:00,-0.1129652699063011,0.643658326143226,0.0085270004278896,8151512542227.848,1931908472508000.0,4.768850695937248,8.100548681066691,2597.258156028369
2022-03-09 15:00:00,-0.1094369853419359,0.5480344719107613,0.002859711224886,8703108102467.479,2140964593207000.0,5.005422670322471,8.502401523754127,2566.167615176152
2022-03-09 15:30:00,-0.1259916912259489,0.5903010033444811,0.0026756410256467,9076930699300.0,453846534965000.0,1.0173623313663558,1.7279999047365642,2539.161
2022-03-09 16:00:00,0.0878906805174347,0.7939189189189192,0.0081971491227648,9209576818919.355,570993762773000.0,1.2615292908942812,2.14277889318142,2503.62311827957
2022-03-09 16:30:00,0.1446091300400653,0.501280411827603,0.0226547619048034,9353356233551.725,271247330773000.0,0.5900701521924864,1.0020841991507772,2471.121264367816
2022-03-09 17:00:00,5.187168789820103e-05,0.5333333333333328,0.0056821052631477,9462079587758.62,274400308045000.0,0.5900701521924864,1.0020841991507772,2450.229885057472
2022-03-09 17:30:00,0.020021223912451,0.4199999999999997,0.0001980769230556,9558944517733.334,286768335532000.0,0.6104173988198134,1.0366547441238854,2418.8105555555558
2022-03-10 09:30:00,0.5644821363190649,0.5773502691896258,-0.0037233333333404,31090469375.0,497447510000.0,0.1440727283642058,0.2453918372219997,1444.1364583333334
2022-03-10 10:00:00,-0.1269623233904489,0.5345820306956206,0.0082530303030097,121981028975.0,4879241159000.0,0.377172790910015,0.6409359307333571,1422.5929166666667
2022-03-10 10:30:00,-0.4250117135921051,0.0135581536136659,0.0003788235294166,221014667954.54544,4862322695000.0,0.2223323325709803,0.3780937610870079,1397.305303030303
2022-03-10 11:00:00,-0.5831247896179134,-0.1538461538461538,0.0065179487179705,291766572125.0,4668265154000.0,0.1616962418698039,0.2752557416954254,1366.7458333333334
2022-03-10 11:30:00,0.2423598965635423,0.2857142857142861,0.0091366666666772,366179964476.1905,7689779254000.0,0.2254809160855855,0.3834360794370053,1333.1801587301586
2022-03-10 14:00:00,-0.6140656070198037,0.8100925873009822,0.0264624999999938,434068531083.3333,5208822373000.0,0.1182951515848892,0.2017490024783438,1178.1033333333332
2022-03-10 14:30:00,-0.3344139773644659,0.4601950115131127,-0.0110166666666913,504215531971.4286,17647543619000.0,0.7527915949080047,1.278851797631214,1150.6304761904762
2022-03-10 15:00:00,-0.0537016866581908,0.4907668798175102,0.013727142857121,577874443259.2593,15602609968000.0,0.6831392725934108,1.1605502909643064,1127.017901234568
2022-03-10 15:30:00,-0.0037994433609865,0.5773502691896255,0.0169133333333491,631847649625.0,10109562394000.0,0.4048232726479471,0.6878869167187398,1098.7854166666666
2022-03-10 16:00:00,-0.1153936873302814,0.6708203932499364,0.0199400000000196,681175299750.0,8174103597000.0,0.3036174544859603,0.5160530776468483,1065.201388888889
2022-03-10 16:30:00,-0.1962757546177281,0.5918640302493726,0.0348000000000041,742114676588.2354,12615949502000.0,0.4542560502699515,0.7718298641463879,1042.493137254902
2022-03-10 17:00:00,-0.566283403151671,,,777068880714.2858,5439482165000.0,0.1870574079784294,0.3182552738801574,1002.4928571428572
2022-03-10 17:30:00,0.4397938502737795,,0.0163199999999932,794499339666.6666,4766996038000.0,0.160334921124368,0.2729483537347144,973.75
2022-03-11 09:30:00,-0.0674021859020422,,,17616223400.0,176162234000.0,0.0685302350271274,0.1157155908527104,8.303333333333333
2022-03-11 10:00:00,-0.0826802349800653,0.3535533905932735,0.0108142857142894,93462336861.11111,3364644127000.0,0.451947642305444,0.7675932162356089,-15.487962962962955
2022-03-11 10:30:00,-0.0621164017379292,0.5800000000000001,0.0029036363636691,185377749222.22223,6673598972000.0,0.5579662039130953,0.947700873670086,-44.61851851851849
2022-03-11 11:00:00,0.0497997742218128,0.5500000000000002,0.0227143589743263,259886029857.14285,7276808836000.0,0.4609125837509169,0.7828234944335172,-79.90925925925927
2022-03-11 11:30:00,-0.135967576967439,0.384915800091622,0.0010225396824949,328603229692.3077,17087367944000.0,0.8535418217609573,1.449807889090705,-105.94633333333331
2022-03-11 12:00:00,-1.0,,,380044858250.0,1520179433000.0,0.0682833457408765,0.1152936937399837,-127.53333333333336
2022-03-11 14:00:00,-0.3314759154049756,0.4485294117647058,0.0053333333333256,414449134000.0,10775677484000.0,0.4438417473156978,0.753822276187686,-260.0410256410256
2022-03-11 14:30:00,-0.3573318516676368,0.5230769230769226,-0.0173983018868142,524870958841.2698,33066870407000.0,1.3280440136149378,2.255837818194405,-284.99603174603175
2022-03-11 15:00:00,-0.3427867439824061,0.6812078745816101,0.004169642857164,658622446622.2222,29638010098000.0,1.481603713174945,2.5166847137953643,-314.07444444444445
2022-03-11 15:30:00,0.4261489195413055,0.7156264473321342,-0.0406516666666618,762635147545.4546,16777973246000.0,0.8276922682135472,1.4058969781126525,-342.6810606060606
2022-03-11 16:00:00,-0.2958194659205013,0.2038588765750501,-0.0018375000000219,810569331894.7368,15400817306000.0,0.774057212616865,1.314786170783896,-375.2947368421053
2022-03-11 16:30:00,-0.1080016151157322,-0.0370370370370369,-0.3767678571428661,889572179137.931,25797593195000.0,1.5765047523456626,2.677889680121996,-404.15977011494255
2022-03-11 17:00:00,-0.1285116962346646,0.2142857142857143,0.0025499999999993,942338294416.6666,11308059533000.0,0.719985983572092,1.2229338302204014,-436.8444444444444
2022-03-11 17:30:00,-0.3333333333333333,,,971385832500.0,5828314995000.0,0.359992991786046,0.6113682745842871,-459.1972222222223
2022-03-11 18:00:00,-0.4999985894951239,-0.2499999999999999,0.0210399999999992,989223221833.3334,5935339331000.0,0.359992991786046,0.6113682745842871,-491.6722222222222
2022-03-14 09:30:00,-0.260693622953222,-0.3333333333333333,0.0083999999999946,12883135111.11111,115948216000.0,0.0412777665218627,0.0867007792812308,126732.51111111112
2022-03-14 10:00:00,0.0741809887009151,0.25,0.0197649999999924,43908760615.38461,570813888000.0,0.1514929967141841,0.262337213392325,126702.458974359
2022-03-14 10:30:00,-0.1433035959885325,0.3571428571428571,0.0188142857142992,74157330600.0,741573306000.0,0.1350719559359678,0.2350383979360461,126677.255
2022-03-14 11:00:00,0.2900353631190825,0.3889087296526011,-0.0005374999999929,115898922000.0,2549776284000.0,0.3566713207226233,0.6079999993511609,126640.98636363636
2022-03-14 11:30:00,-0.094428117073865,0.5238095238095237,0.0158874999999909,168998816545.45456,1858986982000.0,0.1783356603613116,0.3071913997085295,126610.2
2022-03-14 12:00:00,-1.0,,,194583376000.0,778333504000.0,0.0648493310404769,0.1213880728608274,126587.07083333332
2022-03-14 14:00:00,-0.3109074389034745,0.4772727272727274,0.006791666666686,237448961541.66663,5698775077000.0,0.6339505731583333,1.078062970191606,126460.78125
2022-03-14 14:30:00,-0.1609774496422137,0.1626500121580888,0.0050177777777804,314075942333.3333,7537822616000.0,0.6350672391804424,1.0799576680339391,126438.26319444446
2022-03-14 15:00:00,-0.3426167466354225,0.2058790548922549,0.0161285714285668,389675560476.1905,8183186770000.0,0.5556838342828871,0.9452854297575496,126406.24761904764
2022-03-14 15:30:00,-0.3069686037433891,0.8257575757575757,0.0072916666666458,459958024875.0,11038992597000.0,0.6350672391804424,1.0799576680339391,126371.04930555554
2022-03-14 16:00:00,-0.0064971374235841,,,503429954666.6667,3020579728000.0,0.1587668097951106,0.2744676312641388,126340.25555555556
2022-03-14 16:30:00,-0.8335129426859749,0.3499999999999999,0.0090599999999909,524193352300.0,5241933523000.0,0.2646113496585177,0.4523641783368695,126317.20333333334
2022-03-14 17:00:00,0.3356144018880954,0.25,0.0078800000000001,544366396142.8571,3810564773000.0,0.1852279447609623,0.3187424033200192,126279.62857142858
2022-03-14 17:30:00,-0.9999999999999998,,0.0179333333333318,557205789000.0,2228823156000.0,0.105844539863407,0.1868848816174574,126258.97083333333
2022-03-15 09:30:00,0.0049236836025185,0.3728485192496222,0.0152734649123544,78505047720.93024,3375717052000.0,1.0421401309424398,1.769930699829278,125286.26124031008
2022-03-15 10:00:00,-0.2127377739727106,0.4015957446808511,-0.0123906390976742,342707147774.8344,51748779314000.0,4.236355665394804,7.195986131394415,125264.58962472407
2022-03-15 10:30:00,-0.2945986585690224,0.2859142930723816,-0.0030758718676651,796483014243.3628,180005161219000.0,6.347759673494336,10.782533089806698,125237.8134218289
2022-03-15 11:00:00,-0.2538104003640954,0.5060325575065217,0.0040654514220079,1325981441217.5574,347407137599000.0,7.856143212864968,13.344748401681246,125205.53180661578
2022-03-15 11:30:00,-0.2469423078761532,0.6868890166762528,0.0007244932431973,1757210504655.7378,214379681568000.0,3.6675559269752913,6.229786881144617,125175.9218579235
2022-03-15 12:00:00,,,0.0,1908343376000.0,3816686752000.0,0.0601238676553326,0.0969002443029598,125154.85
2022-03-15 14:00:00,-0.1610313010500601,0.2754639571157458,0.0193969924812762,2007872067348.4849,132519556445000.0,1.9935221536149832,3.3861299842789,125025.33712121211
2022-03-15 14:30:00,-0.0510510796454484,0.671721944342926,0.0055361904761781,2177158039000.0,148046746652000.0,2.0932431509633336,3.5555277390752744,124996.5968137255
2022-03-15 15:00:00,-0.2270660507719221,0.4772306177642741,-0.0036173913043171,2352489521253.9683,148206839839000.0,2.023890970570529,3.437718086721885,124966.05777777778
2022-03-15 15:30:00,-0.0696416748187422,0.5863954716083741,0.0155996710526551,2475895976600.0,86656359181000.0,1.2954196674246474,2.200219846290976,124943.23285714288
2022-03-15 16:00:00,0.0568565320198398,0.6172133998483675,0.0163450549450772,2548857146629.6294,68819142959000.0,0.999323743441871,1.6971883199579898,124908.46419753086
2022-03-15 16:30:00,-0.5000000000000001,0.6454972243679028,0.0020999999999986,2584838432750.0,20678707462000.0,0.2960959239827765,0.5019258277822723,124876.66875
2022-03-15 17:00:00,-0.7416033973143332,0.3333333333333333,0.0076166666666779,2599464893444.4443,23395184041000.0,0.3331079144806236,0.5649112765540736,124848.04074074076
2022-03-15 17:30:00,-0.2990544789302803,0.1999999999999999,-0.0020012500000348,2631980369523.8096,55271587760000.0,0.7772518004547885,1.3198796228158642,124820.69206349204
2022-03-16 09:30:00,-0.2017907608092158,0.3888888888888889,0.0040675000000049,37166630000.0,1263665420000.0,0.3394663674388906,0.5762102175402605,123851.24558823528
2022-03-16 10:00:00,-0.2509086059775127,0.4899385560675902,-0.0001890900791181,324761917078.26086,74695240928000.0,4.248897382976061,7.217328633210069,123821.3506521739
2022-03-16 10:30:00,-0.1820269879746342,0.5560407925402819,0.0024924426865169,981999461931.8737,403601778854000.0,8.402194863305786,14.272317485624493,123795.899918897
2022-03-16 11:00:00,-0.1565789049725504,0.6346284236304901,0.0005918748979922,1757005745316.294,549942798284000.0,6.51662940885744,11.069408859668222,123766.16602768905
2022-03-16 11:30:00,-0.1387228307699087,0.7392794284902271,0.0106355606407362,2287417876704.7617,480357754108000.0,4.759645438033931,8.084911166439563,123733.82523809525
2022-03-16 12:00:00,-0.0735277237102216,0.5217732845620353,0.021298290598267,2539130387483.871,78713042012000.0,0.7462414290536019,1.2674062446945344,123711.81612903225
2022-03-16 14:00:00,-0.0385108728629192,0.5560658247225412,0.015233672699793,2760226113164.384,402993012522000.0,5.81869880607918,9.88387087082844,123586.19554794522
2022-03-16 14:30:00,-0.0012946419599888,0.6455128205128208,0.0148499061913724,3004467846337.5,240357427707000.0,3.202360661519193,5.439624710053023,123554.94104166668
2022-03-16 15:00:00,-0.1339455997979192,0.5005102040816334,0.007179999999991,3214027558277.778,289262480245000.0,3.602655744209092,6.119588361126481,123524.16796296297
2022-03-16 15:30:00,0.0345109412069348,0.7187499999999999,0.0119265151515435,3396630759040.8164,166434907193000.0,1.961445905180505,3.3317244984997174,123496.06700680272
2022-03-16 16:00:00,0.1519879182761868,-0.0277777777777777,0.0257216216216562,3546289220421.0527,134758990376000.0,1.521121314221617,2.583748807145862,123465.68728070176
2022-03-16 16:30:00,-0.2168802595271102,0.3208828522920207,-0.0105427631579146,3685796734607.8433,187975633465000.0,2.1226917128385514,3.605629205947929,123436.1549019608
2022-03-16 17:00:00,0.0019269475320418,0.6527777777777777,0.00648496732029,3785665443384.615,98427301528000.0,1.1093014777694017,1.884178712064258,123404.73012820512
2022-03-16 17:30:00,-0.3785930844375845,-0.3162277660168379,0.0184000000000139,3827002345000.0,26789016415000.0,0.298658090168685,0.5068337644158527,123377.38095238096
2022-03-16 18:00:00,-0.3333333333333334,,,3851472676000.0,23108836056000.0,0.2559926487160157,0.4342803080451757,123340.98055555556
2022-03-17 09:30:00,0.2148194094498642,0.1999999999999999,0.0270200000000073,23857592526.31579,453294258000.0,0.3388877965025524,0.5747999932562272,122409.8
2022-03-17 10:00:00,-0.0502602593577527,0.5865091328696652,0.0151437397484386,425333131372.2222,153119927294000.0,8.082825229504497,13.729803756087952,122382.35416666669
2022-03-17 10:30:00,-0.1144435224743012,0.643926148681726,0.000612494333481,1591720463531.6667,955032278119000.0,13.547868723531584,23.01297927252175,122354.71116666668
2022-03-17 11:00:00,-0.1006278036521701,0.5811688311688307,0.0037174709178344,2755822724178.6543,1187759594121000.0,9.731885699736855,16.530975802297615,122325.51477184842
2022-03-17 11:30:00,-0.140683704030665,0.5615468409586039,0.00079731211801,3453990850137.441,728792069379000.0,4.76433383444194,8.092844791530478,122299.17037914692
2022-03-17 12:00:00,-0.4583057238031828,0.6123724356957946,0.000124999999997,3671397089500.0,22028382537000.0,0.1354786872353158,0.2279965014134456,122275.41666666669
2022-03-17 14:00:00,0.0373054347459075,0.4256717289719627,0.004422337963021,3842493428581.396,660908869716000.0,3.8837223674123873,6.596986065846275,122145.75697674416
2022-03-17 14:30:00,-0.1007872077120639,0.5225787725461044,0.0054685740144861,4167520453681.592,837671611190000.0,4.538536022383081,7.709291778682624,122116.1436981758
2022-03-17 15:00:00,0.0060368765573839,0.587474571345539,0.0048238067854953,4556125423910.714,765429071217000.0,3.7934032425888433,6.443564298625739,122085.77103174604
2022-03-17 15:30:00,-0.2075933736118995,0.4966428649828214,0.0040130952380224,4903431494529.914,573701484860000.0,2.6418344010886585,4.48742619458924,122054.96794871795
2022-03-17 16:00:00,-0.3495319296053942,0.4445438282647578,0.0126459948320274,5113203773885.714,357924264172000.0,1.5805846844120182,2.684668029120222,122026.40285714284
2022-03-17 16:30:00,-0.1390901087876187,0.7583333333333335,-0.0011679999999785,5224175110600.0,156725253318000.0,0.6773934361765792,1.1502252242260258,121990.82444444444
2022-03-17 17:00:00,-0.2849589531652783,-0.1578947368421053,0.0063500000000402,5285581224608.695,121568368166000.0,0.5193349677353774,0.8816108591909141,121970.40652173912
2022-03-17 17:30:00,-0.1396888868435644,0.6180700462007376,0.0177757142857331,5331446766588.235,90634595032000.0,0.3838562805000615,0.6512850723264545,121939.47156862744
2022-03-17 18:00:00,-0.6649411333343475,0.6123724356957946,0.0061999999999926,5360522429500.0,32163134577000.0,0.1354786872353158,0.2279965014134456,121912.78333333333
2022-03-18 09:30:00,-0.0385475053447609,0.5038028898850891,0.0097170168067464,84389066306.45161,5232122111000.0,1.1660812401919192,1.9808040049415108,120972.4008064516
2022-03-18 10:00:00,-0.1299959424198069,0.4844546381243644,0.0017415682498125,505241656431.0345,146520080365000.0,6.060221878575687,10.29416626514814,120943.26896551724
2022-03-18 10:30:00,0.0039561361428135,0.5881742738589205,0.0056368987071806,1308287119246.2312,520698273460000.0,8.520037558600974,14.472513786053172,120913.42701005026
2022-03-18 11:00:00,-0.1907175821510282,0.5476489028213164,-0.0010639278278716,2339870380000.0,1127817523160000.0,10.878883711780828,18.479351297244463,120885.06438450898
2022-03-18 11:30:00,-0.1573642395477456,0.5610212919296733,0.0073018162393481,3147586129003.9526,796339290638000.0,5.710285433777074,9.69974952349634,120854.57984189724
2022-03-18 12:00:00,-0.1777412239123378,0.4666666666666667,0.0033150000000006,3436075217333.333,30924676956000.0,0.2031326834149947,0.3453229948014245,120834.77962962964
2022-03-18 14:00:00,-0.2249814994436318,0.5267729150855892,0.0094555500166961,3792095832526.531,929063478969000.0,5.529723048519301,9.393038700463295,120704.15346938776
2022-03-18 14:30:00,-0.1773692593166993,0.5354691075514872,0.0038665217391269,4329540784727.273,1095373818536000.0,5.710285433777074,9.69974952349634,120671.89795783926
2022-03-18 15:00:00,-0.2631006999644793,0.5986111111111109,0.0084055555555124,4772621974070.176,816118357566000.0,3.8595209848849,6.555964994354123,120647.9537037037
2022-03-18 15:30:00,-0.1546014316932,0.3314967720658978,0.0103712820512953,4993444563178.571,139816447769000.0,0.6319683484022058,1.0735767596978092,120622.32440476192
2022-03-18 16:00:00,-0.3069252009512748,0.6263621420073836,0.0107662475822252,5094350270521.739,351510168666000.0,1.557350572848293,2.6454192020108445,120581.31304347824
2022-03-18 16:30:00,-0.3680819881044568,0.6228070175438595,0.0032439999999951,5193858977045.454,228529794990000.0,0.993093118917752,1.6869671255320262,120554.67651515151
2022-03-18 17:00:00,-0.3524343664899827,0.5438483330175766,0.0170922705313785,5281488991902.439,216541048668000.0,0.9253822244460872,1.571954534698386,120524.35
2022-03-18 17:30:00,0.0540340063336423,0.6499999999999995,0.0051876190475894,5400171199000.0,194406163164000.0,0.9544192369385736,1.6212762465832673,120494.8824074074
2022-03-18 18:00:00,-1.0,-0.9999999999999998,0.0020999999999986,5463212556000.0,21852850224000.0,0.1079015463601201,0.1837996269145802,120467.18333333332
2022-03-21 09:30:00,0.0235159503906255,0.6864025490801688,-0.0076411111111127,35139863939.393936,1159615510000.0,0.3337173979779251,0.5664375265239051,116652.10606060606
2022-03-21 10:00:00,-0.0613747895278138,0.5549104983067245,0.0043522279075176,364538601057.7617,100977192493000.0,3.393568259175713,5.764420796379637,116622.38014440432
2022-03-21 10:30:00,-0.0990389858213513,0.6129348989747384,0.0043125246131126,1202654321870.5037,501506852220000.0,5.540447213246381,9.411219349092008,116595.63597122303
2022-03-21 11:00:00,-0.1596737881923836,0.5398998763122211,0.0018972770466803,2180062896801.6528,791362831539000.0,5.359250503437033,9.10342984339987,116565.19839302111
2022-03-21 11:30:00,-0.1960011799860931,0.4837600658870691,0.0010448484848524,2931651626939.1304,674279874196000.0,3.395668363059277,5.767988150507736,116540.08579710143
2022-03-21 12:00:00,,,0.0025000000000119,3232826140000.0,6465652280000.0,0.0295275509831241,0.0450451638971621,116502.60833333334
2022-03-21 14:00:00,-0.0675009769136537,0.5356321839080469,0.0064037931034022,3437916162019.7046,697896980890000.0,2.9970464247871007,5.090865935272272,116380.94228243022
2022-03-21 14:30:00,-0.0954462779147796,0.6609078590785904,0.0116703322118496,3949920501372.169,1220525434924000.0,4.67029544474189,7.933136798951949,116356.44018338728
2022-03-21 15:00:00,-0.1781951694149977,0.4869281045751639,0.0120655038759309,4453089149784.811,703588085666000.0,2.40968440178079,4.093135543502058,116323.85443037975
2022-03-21 15:30:00,0.0344889929487571,0.557209302325581,0.0049091818181778,4690905338188.406,323672468335000.0,1.0523305298916108,1.787398395682846,116298.8922705314
2022-03-21 16:00:00,-0.6865722681783644,-0.1,0.0003545454545559,4768224847000.0,57218698164000.0,0.183014005198541,0.3100918942835124,116265.34166666667
2022-03-21 16:30:00,0.1757573723826803,0.7000000000000001,0.002051282051255,4819460816357.143,134944902858000.0,0.4270326787965957,0.7250408123253201,116237.31309523807
2022-03-21 17:00:00,-0.0701313834465941,-0.1348399724926484,0.0038454545454698,4867145630307.692,63272893194000.0,0.1982651722984194,0.3360586094998471,116205.51282051284
2022-03-21 17:30:00,0.302722422605595,0.4999999999999999,0.0072849999999959,4884413271222.223,43959719441000.0,0.1372605038989057,0.232110748310758,116173.85
2022-03-21 18:00:00,0.0957446808636084,,,4897708257000.0,34283957799000.0,0.1067581696991489,0.1799973323400347,116146.26428571428
2022-03-22 09:30:00,0.0226769775167478,0.7045454545454546,0.0281145454545281,33017612518.51852,891475538000.0,0.2978304223880251,0.5049136748526862,115207.55370370371
2022-03-22 10:00:00,-0.1425029336758899,0.6399999999999995,0.000754828175701,692022296450.512,405525065720000.0,9.910675156626342,16.83467508835699,115183.00635327636
2022-03-22 10:30:00,-0.1789606171664858,0.6016649627741428,-0.000688157291762,2008975393025.3567,1267663472999000.0,10.73315997735616,18.231785952604955,115155.88298887124
2022-03-22 11:00:00,-0.1967336481210007,0.4860357184474725,0.0018480294443889,3433361546381.0483,1702947327005000.0,8.46366828103125,14.376721016819426,115126.83484543012
2022-03-22 11:30:00,-0.2355539459727413,0.6900363888407549,0.0045473448277419,4429812071892.754,1528285164803000.0,5.8870273325721385,9.999911063399402,115097.9295652174
2022-03-22 12:00:00,0.1387676821179232,0.1794871794871794,0.0039833333333234,4856173727117.647,82554953361000.0,0.2900854047934098,0.491731055242215,115069.36862745098
2022-03-22 14:00:00,-0.0389934936378728,0.6751483190507582,0.0073450301599393,5221050046313.916,1613304464311000.0,5.272728828303742,8.956430986868178,114940.3215210356
2022-03-22 14:30:00,-0.1945367238288171,0.6609016999260905,0.006837661076787,5968038587673.855,2214142316027000.0,6.532009459028122,11.095510785944455,114917.6682389937
2022-03-22 15:00:00,-0.0008924472649377,0.477905569007264,0.0062506149692893,6690453323064.936,1545494717628000.0,4.128595050732959,7.012939921995648,114886.34343434343
2022-03-22 15:30:00,-0.2611427574705866,0.4498834498834504,0.0066626262626101,7069834997016.667,424190099821000.0,1.0723623508397295,1.8212856101149577,114857.44083333334
2022-03-22 16:00:00,-0.1999504037945092,0.6494998689336408,0.0066083333333466,7177629908741.936,222506527171000.0,0.5540538812671936,0.9406060952320214,114827.96559139783
2022-03-22 16:30:00,-0.1161384502409838,0.6225317562548813,-0.0047561965811837,7270333522510.204,356246342603000.0,0.8757625865191124,1.4872707437421329,114793.9680272109
2022-03-22 17:00:00,0.1608495956722368,-0.1875,0.0100187499999861,7339838481050.0,146796769621000.0,0.3574541169465765,0.6063591424260956,114767.9175
2022-03-22 17:30:00,0.0017468812355874,0.3162277660168379,0.0080166666666485,7380396195500.0,73803961955000.0,0.1787270584732882,0.3019341564860629,114733.17
2022-03-22 18:00:00,-0.2762557077634696,0.6666666666666666,0.0080999999999988,7405659901500.0,44433959409000.0,0.1072362350839729,0.1793768033297178,114708.2527777778
2022-03-23 09:30:00,0.070418949797971,0.5506887917539345,0.0093361904761763,56366988000.0,2311046508000.0,0.306073265268461,0.5200035869068536,113772.62845528456
2022-03-23 10:00:00,-0.2234262178223324,0.6404048649943256,0.0009658211792924,669788784987.9032,332215237354000.0,6.8098196878238815,11.567460867792516,113743.6592405914
2022-03-23 10:30:00,-0.1121406592576482,0.5446110732409307,0.00085753765984,2001417802984.639,1302922989743000.0,9.288748984163346,15.778277123355736,113713.95268817204
2022-03-23 11:00:00,-0.2159807338043102,0.6009559367940502,0.0028781432750122,3390978505584.2397,1247880090055000.0,5.250782835901862,8.919214153349078,113686.47069746377
2022-03-23 11:30:00,-0.0954620349552675,0.4719145794916654,0.0013469512194745,4053821714446.6665,608073257167000.0,2.1402647428947805,3.635560480607896,113658.71877777776
2022-03-23 12:00:00,0.0833717303726251,0.6813969328454991,0.0190409774435806,4278506503424.242,141190714613000.0,0.4708582434368517,0.7998815740854957,113631.01868686869
2022-03-23 14:00:00,-0.1721113010596817,0.6740219304183026,0.0036343239625722,4546426265502.891,786531743932000.0,2.5023118996154303,4.25054761735167,113505.90905587668
2022-03-23 14:30:00,-0.1096252113408013,0.539707905158745,0.0037788813842638,5138548456163.935,1567257279130000.0,4.46591453957898,7.586003609550616,113473.83836065576
2022-03-23 15:00:00,-0.2151281100449127,0.6479356441500053,0.0032772972339216,5756814717812.834,1076524352231000.0,2.817085708826073,4.785234846513522,113445.7893939394
2022-03-23 15:30:00,-0.1311718628014969,0.5261984392419188,0.0030470812875051,6129278300313.953,527117933827000.0,1.326950565018224,2.2540378140151054,113422.13100775194
2022-03-23 16:00:00,-0.1193665095840444,,,6245722245900.0,124914444918000.0,0.3106322382146507,0.52774627494677,113388.6125
2022-03-23 16:30:00,-0.1334744586349433,0.42766860172385,0.0060702020201688,6304969852967.742,195454065442000.0,0.4814799692327086,0.8179227499204269,113356.87204301076
2022-03-23 17:00:00,-0.0971970845056395,,,6349230901875.0,50793847215000.0,0.1242528952858602,0.2112933068421864,113332.29583333334
2022-03-23 17:30:00,-0.0437413741719505,0.6166666666666666,0.0055062499999678,6388769051083.333,153330457226000.0,0.3727586858575809,0.6332615011783108,113298.60208333336
2022-03-23 18:00:00,-0.5,-0.3333333333333333,0.0041750000000035,6419466705200.0,32097333526000.0,0.0776580595536626,0.1322841230004502,113271.49
2022-03-24 09:30:00,-0.2555008863876812,0.6266033190759668,0.0130026289180591,77811878530.30302,5135583983000.0,0.5129953271264517,0.8714894176618299,112331.38712121212
2022-03-24 10:00:00,-0.1525014525710395,0.6238372114947885,0.00134144570724,1024053971946.0708,664611027793000.0,6.548024580616014,11.122767351351229,112302.3811248074
2022-03-24 10:30:00,-0.1065931199575998,0.6145296332674531,0.0015844478398889,2813831486164.6587,2101932120165000.0,8.054770516019763,13.682190326462022,112276.42458723784
2022-03-24 11:00:00,-0.2743774772054053,0.556680988516067,0.0016991086382063,4466526986998.214,2501255112719000.0,6.8246697739644375,11.592688642706118,112246.51595238094
2022-03-24 11:30:00,-0.1519733124159242,0.5912087912087913,0.0031425556957458,5548920544753.993,1736812130508000.0,3.8897957695009335,6.607388981921649,112216.56283280085
2022-03-24 12:00:00,-0.1347279114667318,,,5875690977857.143,82259673690000.0,0.1786367521211603,0.3037076826907772,112186.16666666666
2022-03-24 14:00:00,-0.233755422144174,0.5954983332598149,0.0039298924730246,6155569779587.982,1434247758644000.0,4.324955298855102,7.346568695069174,112066.2394134478
2022-03-24 14:30:00,-0.1808565524084903,0.693571771318684,0.0064977765297271,6819754542461.318,2380094335319000.0,6.840290214779469,11.61922218853792,112036.95897803246
2022-03-24 15:00:00,-0.2015341931013197,0.5488952536824874,0.003016589924158,7573404119837.398,1863057413480000.0,4.888343232099038,8.30356272854193,112006.61097560976
2022-03-24 15:30:00,-0.1495672149287897,0.5600912390451561,0.0011233516483599,8032296473975.609,1317296621732000.0,3.405227357368208,5.784281698563313,111981.10985772355
2022-03-24 16:00:00,-0.2770435915961147,0.8174603174603169,0.0069787356321882,8248902964765.957,387698439344000.0,1.104856126713478,1.8768000591511056,111946.90354609927
2022-03-24 16:30:00,-0.1247478984070581,0.7027642214999343,0.0059392857142626,8367651271857.143,410014912321000.0,1.1670269809790716,1.982403877826976,111916.71734693878
2022-03-24 17:00:00,0.0635641273484331,0.6571428571428571,0.0070357142857062,8444121587923.077,109773580643000.0,0.3096194031168965,0.5260874027682563,111888.98846153848
2022-03-24 17:30:00,0.010050784253435,0.3888888888888887,0.0024700000000024,8469112456416.667,101629349477000.0,0.2858025259540583,0.4856438779503939,111856.3125
2022-03-24 18:00:00,-0.3333333333333333,,,8495356512000.0,50972139072000.0,0.1429012629770291,0.2430726356796387,111836.13888888888
2022-03-25 09:30:00,-0.2110630607371093,0.4058066640039518,0.0071387096773776,62340758037.73585,3304060176000.0,0.4318029097949457,0.7333469433800629,110892.10911949685
2022-03-25 10:00:00,-0.221798962129557,0.5628724008580407,0.0012724251041618,927870580327.7184,605899488954000.0,6.2795855374794645,10.666768690569706,110862.6722817764
2022-03-25 10:30:00,-0.2040948895983379,0.5414198860317175,0.001273858276221,2419728987201.4927,1621218421425000.0,6.7562128644728485,11.476389291184631,110835.14174129354
2022-03-25 11:00:00,-0.1944003790894438,0.495137258671633,0.0025257157731459,3880246902691.7295,2064291352232000.0,5.364634692387396,9.112591741206668,110804.40363408522
2022-03-25 11:30:00,-0.0682299517385598,0.4613583407289606,0.0009683775639359,4820910756812.5,1002749437417000.0,2.0974511579258994,3.562794751396591,110779.6502403846
2022-03-25 12:00:00,-0.0866070512797249,0.4166666666666666,0.0041599999999988,5058875471375.0,40471003771000.0,0.0806711983817653,0.1363216545263946,110752.53541666668
2022-03-25 14:00:00,-0.148089698141484,0.6445721583652622,0.0030280060883143,5470661467649.606,1389548012783000.0,3.7811223414914457,6.422764160407345,110625.24704724408
2022-03-25 14:30:00,-0.0629543081504615,0.6374192485718841,0.0009321541670743,6079159607460.526,1386048390501000.0,3.4745131500718758,5.901943086315627,110592.5442251462
2022-03-25 15:00:00,-0.0925447893026271,0.4047965116279061,0.0007435267321369,6601032884808.743,1207989017920000.0,2.788753975715584,4.737078610332285,110567.10673952644
2022-03-25 15:30:00,-0.3210431378359334,0.3262787403083,0.0027081730769964,6917414193396.552,401210023217000.0,0.8838673802814421,1.5013110371606992,110536.08132183908
2022-03-25 16:00:00,0.0174672316293729,0.73270989270228,0.0065494802494754,7048576444320.0,352428822216000.0,0.7619546381736569,1.2942143962549253,110505.97133333332
2022-03-25 16:30:00,-0.1196999721362264,0.5012804118276031,0.0068704761904854,7145629042275.862,207223242226000.0,0.441933690140721,0.7505585620635277,110478.91896551724
2022-03-25 17:00:00,-0.0417743951420143,0.2777777777777778,0.0026599999999774,7192095504071.429,100689337057000.0,0.2133472986886239,0.3621331687856615,110442.27023809524
2022-03-25 17:30:00,0.2,-0.2581988897471611,0.0041666666666628,7219394680625.0,57755157445000.0,0.1219127421077851,0.20661719516093,110418.68333333332
2022-03-28 09:30:00,-0.6707433897305091,0.4512195121951231,0.0293630952380397,60507285195.652176,2783335119000.0,0.48876456876245,0.8305301699544192,106565.70434782607
2022-03-28 10:00:00,-0.1485189407349736,0.4380952380952382,0.0010157932746324,613396809707.8385,258240056887000.0,5.650967915141202,9.599005864174904,106542.27965162312
2022-03-28 10:30:00,-0.2189592576589784,0.4299482221457552,-0.0003484001224194,2134553462945.153,1673489914949000.0,10.523417685203569,17.87554973493171,106514.05463435371
2022-03-28 11:00:00,-0.2105879902656334,0.5860164943794837,0.0003099686325782,3884818453254.6816,2074493054038000.0,7.167736025381001,12.175448937937972,106487.28476903871
2022-03-28 11:30:00,-0.1670977858391669,0.5022624434389135,0.0006261960262179,4801604421442.805,1301234798211000.0,3.637558919247662,6.178955604781017,106456.78191881918
2022-03-28 12:00:00,-0.0948053712091011,0.2142857142857143,0.0016971428571537,5105505825583.333,61266069907000.0,0.1610727196714831,0.274494048643656,106430.77222222222
2022-03-28 14:00:00,-0.2045566612350794,0.446763651697238,-0.0006147128355564,5407232175781.377,1335586347418000.0,3.564195740462451,6.054338522111423,106305.96862348178
2022-03-28 14:30:00,-0.2691491886212059,0.4908802537668505,0.002416625895492,5973277589232.559,1284254681685000.0,3.224298751151881,5.476978917942625,106274.90899224806
2022-03-28 15:00:00,-0.156990247828913,0.5555807226886861,0.0014649193548166,6577336797955.224,1762726261852000.0,4.060673805709047,6.897672890997694,106247.18644278606
2022-03-28 15:30:00,-0.0569713584616523,0.5770501130637031,0.0032507507507517,6968112539593.75,445959202534000.0,0.9697131476320112,1.6473449158922566,106221.61197916669
2022-03-28 16:00:00,-0.0904668621117276,-0.0666666666666666,0.0053741935483913,7116533798242.424,234845615342000.0,0.5000083417477557,0.8496227383297092,106179.17171717172
2022-03-28 16:30:00,-0.3191753086729005,0.5079721589671177,0.0024253781512584,7230477438230.77,375984826788000.0,0.787891932451009,1.3385295949797198,106157.3967948718
2022-03-28 17:00:00,0.1889679916039419,0.3333333333333333,0.0051383333333347,7307373754000.0,124225353818000.0,0.2575800548397529,0.4380931200201667,106128.34803921568
2022-03-28 17:30:00,-0.1774650719672973,0.4485426135725304,0.0020257142857218,7338839966500.0,88066079598000.0,0.181821215181002,0.3096371852142284,106101.95555555556
2022-03-28 18:00:00,-0.1179752589434547,-0.5773502691896257,0.0084833333333307,7361641705400.0,36808208527000.0,0.0757588396587508,0.1305665371958193,106070.93
2022-03-29 09:30:00,-0.5243776665295524,0.8563488385776753,0.0055616666667077,23562892470.588238,400569172000.0,0.0712255950403881,0.1212269801154555,105125.4911764706
2022-03-29 10:00:00,-0.1567654886905135,0.6494984095913874,0.0016163849106192,710547188221.2544,407854086039000.0,4.591868889515018,7.799952431475,105102.53286875726
2022-03-29 10:30:00,-0.1270201958168121,0.5147360379558518,0.0003486769383016,2715414058052.514,2430295581957000.0,7.625669756611003,12.95329737679302,105075.6154934823
2022-03-29 11:00:00,-0.1152584356416665,0.5238195819921397,-8.761591811889957e-05,4646446721603.411,2179183512432000.0,4.822937599177534,8.192455637845221,105047.8078180526
2022-03-29 11:30:00,-0.1122551987740815,0.5618908382066278,0.0032704275979824,5585046246414.286,1563812948996000.0,3.3396846862890124,5.6729391455571925,105015.21196428571
2022-03-29 12:00:00,-0.2882151444118879,-0.2182178902359924,0.0026999999999901,5868898463444.444,52820086171000.0,0.1073470077735753,0.1825036904512813,104982.4037037037
2022-03-29 14:00:00,-0.0837064367906556,0.6318286731860145,0.001562248995981,6106837698301.887,1294649592040000.0,2.7579419454986587,4.684766642818558,104862.79795597483
2022-03-29 14:30:00,-0.2323943426813624,0.5085817524841921,0.0008709776981135,6585567354341.464,1350041307640000.0,2.924399873141312,4.967518983107318,104835.23024390244
2022-03-29 15:00:00,-0.1994516299362179,0.5301825999468109,0.002314285714263,6992243245729.56,1111766676071000.0,2.268193072338871,3.852859193607969,104807.39811320756
2022-03-29 15:30:00,-0.1705886976490771,0.6688152697004728,0.0023232203390648,7282070183247.191,648104246309000.0,1.2696175059003745,2.1566411333342725,104776.95280898878
2022-03-29 16:00:00,0.0853511559114552,0.7565654005345092,0.0032968181818517,7477302030547.619,314046685283000.0,0.599145339863098,1.017762965547432,104741.5273809524
2022-03-29 16:30:00,-0.1019391153731208,0.3936010642502644,0.0007285714286098,7587236941023.81,318663951523000.0,0.599145339863098,1.017762965547432,104713.62936507937
2022-03-29 17:00:00,0.0372457508427094,0.5984848484848488,0.0073622222221558,7713356550148.148,416521253708000.0,0.7977985179141911,1.35519680178573,104685.32839506172
2022-03-29 17:30:00,-0.437025783800929,0.6239316239316239,-0.0009246031745817,7812172881652.174,179679976278000.0,0.4012805856757965,0.6816753528211649,104658.1231884058
2022-03-29 18:00:00,-0.3497602372224549,0.1666666666666667,0.0061499999999909,7844577355166.667,47067464131000.0,0.1072698274241497,0.1823727031197717,104624.15555555555
2022-03-30 09:30:00,-0.3103101237565625,0.5833333333333331,0.004499999999993,28836782857.142857,605572440000.0,0.109112444523039,0.1867339128210293,103691.59206349203
2022-03-30 10:00:00,-0.3739149908820268,0.6241597471979622,0.0020566379955653,410571413359.3315,147395137396000.0,3.0367602122371014,5.158423458900244,103663.52841225627
2022-03-30 10:30:00,-0.058514962631569,0.52331686866422,0.0005799042931755,1560531161994.5256,855171076773000.0,5.199342022709626,8.831858349712181,103634.3141727494
2022-03-30 11:00:00,-0.12287908484403,0.5561182793035978,0.0022748248124173,3235449651614.035,1844206301420000.0,6.717935841976299,11.411401400402385,103605.98201754388
2022-03-30 11:30:00,0.0505633788954474,0.6522802896848696,0.001977331002422,4327482220423.8096,908771266289000.0,2.533611687121909,4.303763397275641,103579.5342063492
2022-03-30 12:00:00,-0.2572173455717558,0.8827348295047497,0.0005298701298812,4609843507944.444,82977183143000.0,0.2171667160390208,0.3695895755095839,103549.59444444445
2022-03-30 14:00:00,-0.2520634890878323,0.4552633030783438,0.0040751554082305,5052690407899.714,1763388952357000.0,5.871957396405777,9.97438879417158,103423.3200573066
2022-03-30 14:30:00,-0.2002892446524107,0.6026967637489828,0.001486743067403,5701520504689.075,1356961880116000.0,4.936704800754515,8.385732871913875,103395.9093837535
2022-03-30 15:00:00,-0.0808425867826758,0.7524159021406713,0.0078459439884426,6182125347670.271,1143693189319000.0,3.8373545720150646,6.518337480331364,103366.28261261262
2022-03-30 15:30:00,-0.2081358597065838,0.4769990460028627,0.0062988888889492,6567726695510.0,656772669551000.0,2.0535032574567103,3.488244341082171,103335.26717171716
2022-03-30 16:00:00,-0.1852363039522472,0.6310315028394046,0.0095676767677019,6768373491214.286,284271686631000.0,0.8737225763975781,1.4843175853547137,103304.4884920635
2022-03-30 16:30:00,-0.169285123072035,0.8051136572864588,0.0030547619047069,6877887563406.25,220092402029000.0,0.6680279748238127,1.1349694333276323,103276.515625
2022-03-30 17:00:00,-0.3673100460022058,-0.1428571428571428,-0.002913333333339,6952675083941.177,118195476427000.0,0.3548898616251505,0.6032604383440601,103236.55686274508
2022-03-30 17:30:00,0.0907741756926938,0.447213595499958,0.0067711111111066,7000581390315.789,133011046416000.0,0.3966416100516388,0.6741366431167577,103217.37719298246
2022-03-31 09:30:00,-0.2067326100737293,0.4146442144313647,0.013284210526308,28771649240.0,719291231000.0,0.2264295914750791,0.3840682138796288,102250.63733333332
2022-03-31 10:00:00,-0.2925548478725652,0.4961591378124295,0.0054811869047028,532009246562.6667,199503467461000.0,5.492655953138435,9.330042023626053,102225.34951111113
2022-03-31 10:30:00,-0.0311217958814016,0.6756569847856153,0.0006015836489154,1520383745646.8086,714580360454000.0,6.936218154873768,11.782144477535653,102195.56737588652
2022-03-31 11:00:00,-0.1614704183843093,0.586504200133311,0.0007799613783987,2706241893247.3687,1542557879151000.0,8.412009251655421,14.288990755916675,102166.35467836256
2022-03-31 11:30:00,-0.1948398081792428,0.631822952130369,0.0032902083332828,3568760865173.077,556726694967000.0,2.3022341109793785,3.91062069688912,102138.9159188034
2022-03-31 12:00:00,-0.4783591288864371,0.3563483225498993,0.0048428571428473,3782830474727.273,41611135222000.0,0.1623370206459818,0.2749781432977982,102107.24696969698
2022-03-31 14:00:00,-0.2180293852742413,0.5984015984015979,0.0021937351778973,4038866190341.584,815850970449000.0,3.4835738438201664,5.917314370711709,101982.95198019802
2022-03-31 14:30:00,-0.2344153374124309,0.6037365748251919,0.006190129242114,4598647301159.482,1066886173869000.0,4.330823637866758,7.35649686330258,101954.25545977012
2022-03-31 15:00:00,-0.2409658026334375,0.6309135581862855,-0.0027639962675181,5211812443456.026,1600026420141000.0,6.454055307662481,10.963120290229403,101929.3134636265
2022-03-31 15:30:00,-0.2386117543114594,0.3225911354182045,-0.0027617886179029,5669255465943.182,498894481003000.0,1.949290679268597,3.3110857194238097,101894.14924242425
2022-03-31 16:00:00,-0.2656698958485674,0.5090016366612117,0.0039615384615387,5857416798016.394,357302424679000.0,1.3512128572202775,2.295136140236353,101866.01530054644
2022-03-31 16:30:00,-0.3503957297700561,0.7215909090909094,0.0022588235294307,6015433989220.0,300771699461000.0,1.107551522311703,1.8812219266716663,101837.70933333332
2022-03-31 17:00:00,-0.3017823056516082,0.5543218625245878,-0.0002630000000038,6121365773540.541,226490533621000.0,0.8195881265106602,1.392034907510666,101804.36486486488
2022-03-31 17:30:00,-0.1815591458550169,0.6904761904761908,0.0012142857142691,6187888382857.143,86630437360000.0,0.3101144262472768,0.5263688170111541,101775.88095238096
2022-03-31 18:00:00,-0.3500680747197633,,,6222337328833.333,74668047946000.0,0.2658123653548087,0.4510478276719727,101744.77777777777
